id,domain,status,purchase_price,renewal_price,attractiveness,demand,length,registrar,created_at,expires_at
a275a7d9-c252-46b5-9549-019463c3e39b,property.attorney,premium,,,90,99,8,,,
5bf9ddb3-4f0d-41be-91a8-e2c0c8e2057d,property.auction,premium,,,90,99,8,,,
a25c2423-2ece-4a98-bdde-c5ceaae0cc1f,property.band,premium,,,90,99,8,,,
29e0ea7c-b5df-427a-9b33-b5b5be891622,property.boston,premium,,,90,99,8,,,
4652d4f3-f409-43a1-a598-fe21fbfe01e8,property.builders,premium,,,90,99,8,,,
da3e4823-ea12-4262-8a96-8717a2afb3da,property.bz,premium,,,90,99,8,,,
416f070d-0e3e-4f0a-af19-9b7227581419,property.camera,premium,,,90,99,8,,,
0442cd07-29b0-4876-97bb-cdbe8233d627,property.country,premium,,,90,99,8,,,
e076e5a2-6ec5-4600-8b8f-23d82deb7aa5,property.fan,premium,128.7,128.7,90,99,8,namecheap,,
5ecc78ff-b7ea-45e7-992b-d0ae68e9fa5d,property.fans,premium,,,90,99,8,,,
15d671d1-99f2-4523-b16e-b3b725b3b9e1,property.game,available,498,,90,99,8,namecheap,,
170a34eb-659b-4768-9860-49cd617d16be,property.garden,premium,260,31.2,90,99,8,namecheap,,
45b20aa0-170f-4ae2-89be-a6d5d665b365,property.haus,available,37.98,,90,99,8,namecheap,,
3a8d8678-35cb-43d6-9590-4cb77353e296,property.hiphop,premium,,,90,99,8,,,
2356b5e4-866a-4077-8931-2f9c74ab5fc5,property.im,premium,,,90,99,8,,,
583fa4f2-19ff-400c-b6be-160f4c42b323,property.investments,premium,,,90,99,8,,,
66942130-5a98-4392-b539-6ee191913ba8,property.lat,resell,,,90,99,8,"Spaceship, Inc.",08/11/2025 15:20,08/11/2026 23:59
5b85d627-1298-4565-a14f-84c311ed4425,property.lawyer,premium,,,90,99,8,,,
44e99238-0652-4937-b133-45e92d49e532,property.luxury,premium,,,90,99,8,,,
460ad6a6-e8b7-4194-ac3b-f603df8beca3,property.market,premium,,,90,99,8,,,
81cf08f3-f508-497f-b16e-eec87c29dacf,property.menu,premium,,,90,99,8,,,
43cb32fc-23ad-4c4b-825e-43cf8cc9ea0a,property.osaka,premium,,,90,99,8,,,
cd8890a7-bbc5-433e-bd31-2149e190691f,property.photos,premium,128.7,128.7,90,99,8,namecheap,,
ce31934b-58a3-456c-a40c-94e6b4c7778b,property.qpon,premium,,,90,99,8,,,
6f0a6c82-9523-48c3-addc-bb6450a9c24b,property.services,premium,,,90,99,8,,,
55e893d6-770c-419f-9ce1-a0d0d63e6122,property.ski,premium,,,90,99,8,,,
e95f5f80-098c-4ff6-990a-98c22662ebf0,property.webcam,premium,,,90,99,8,,,
76a1b748-939c-45be-88c9-6c81bfe81c38,property.baby,available,81.98,,90,39,8,namecheap,,
4506fd8b-b598-45ed-b389-c86811b26e6e,property.expert,premium,,,90,39,8,,,
30a8d0e7-863f-401a-b4c0-b8c45377f083,property.immo,premium,128.7,128.7,90,39,8,namecheap,,
cb145410-f288-479f-bf7c-b57a0c309cb4,property.marketing,premium,85.8,85.8,90,39,8,namecheap,,
2f499a2b-11ea-4ac9-9478-c33cb6c1c8b9,property.rocks,resell,,,90,39,8,Porkbun LLC,06/04/2021 19:32,06/04/2027 19:32
ebca518a-4568-40af-90f6-24268dcdf77b,property.site,premium,1562.5,6250,90,39,8,name.com,,
e49070d0-cb19-4eab-8329-49a9ed637dc0,property.accountant,premium,650,84.5,90,38,8,namecheap,,
cbe31687-4b7b-469f-bf8c-27204135d480,property.actor,available,54.98,,90,38,8,namecheap,,
77947c35-8925-443d-a9c7-9c3204b8ec3e,property.adult,available,166.98,,90,38,8,namecheap,,
c95fdff0-028d-4f02-9eac-8f363f1666b8,property.ai,resell,,,90,38,8,Deep Vision Architects,17/08/2018 16:02,17/08/2026 16:02
d4683308-4fa0-49ff-8691-1b1c013f4a8f,property.airforce,available,134.98,,90,38,8,namecheap,,
1be10a04-3bbb-4c94-877e-2836157837c4,property.archi,premium,128.7,128.7,90,38,8,namecheap,,
b6ddc75d-ac92-4654-97b5-ee62abcac3ca,property.army,available,48.98,,90,38,8,namecheap,,
b1a048b9-f69b-429d-adfb-9418c5d1c344,property.art,premium,3900,91,90,38,8,namecheap,,
cb35c0e2-abd4-44ba-8336-acb401c24a04,property.associates,premium,,,90,38,8,,,
0c1e5365-a7bc-4fba-9b44-0eb699253885,property.audio,available,159.98,,90,38,8,namecheap,,
e6b232fb-61e7-4dcb-84b0-db9753317662,property.auto,available,2950,,90,38,8,namecheap,,
1d2669b2-3d97-4615-a571-bb9365a60c9d,property.autos,premium,845,15.73,90,38,8,namecheap,,
1fff0612-12f9-49d6-a844-ba9d9c8136ae,property.bar,premium,585,1170,90,38,8,namecheap,,
f9e1525c-8f8a-4725-b090-dcdef83a572c,property.bargains,premium,520,520,90,38,8,namecheap,,
4147d987-7351-4ef2-a047-837500219d42,property.bayern,premium,,,90,38,8,,,
bd978b1b-ba5e-4459-85a8-c27d3f699d88,property.beauty,premium,2600,15.73,90,38,8,namecheap,,
ed100eab-51a6-4581-b30c-5bd87b57fc0c,property.beer,available,41.98,,90,38,8,namecheap,,
6868c644-a374-478f-87cd-39859f7dab55,property.berlin,available,71.98,,90,38,8,namecheap,,
a2a97174-79f4-4cb1-88f5-4b1da1b2428d,property.bike,available,48.98,,90,38,8,namecheap,,
31a71986-9ece-4b51-b3f5-9ed746aee2f5,property.bingo,available,68.98,,90,38,8,namecheap,,
bd74a07e-7807-4c8c-9a11-a39d75ce06a0,property.black,available,82.98,,90,38,8,namecheap,,
4c78bf13-a2a0-42a8-b45e-cbdcca521199,property.blackfriday,available,134.98,,90,38,8,namecheap,,
49784520-b33b-49f2-a2d0-65c69c6d75fc,property.blog,premium,650,2600,90,38,8,namecheap,,
15f082a1-a296-40d2-b160-9c7142771f58,property.boats,premium,845,15.73,90,38,8,namecheap,,
bd3040bc-4828-4ce1-8b5c-d99488028d12,property.boo,premium,648.7,648.7,90,38,8,namecheap,,
bb345665-4ca1-466d-9e00-aae56a23870d,property.buzz,premium,,,90,38,8,,,
4a4766b3-33fc-49b8-95fc-23be0fb2b64d,property.cab,available,41.98,,90,38,8,namecheap,,
fefa2e50-d6c9-4d0e-b204-974962897aed,property.cam,resell,,,90,38,8,Dynadot LLC,18/07/2022 01:11,18/07/2026 23:59
ee8ca098-4252-45c7-86c1-3a4f0f6447d7,property.camp,premium,520,520,90,38,8,namecheap,,
d46e0ad3-3353-417c-b8f0-5e3762c54a8a,property.car,available,2400,,90,38,8,namecheap,,
a7726af8-40cf-42d0-ab00-fcac11d2b49d,property.cards,premium,520,520,90,38,8,namecheap,,
574165a8-0f4f-453e-8441-6de4bcdfc5bd,property.cars,available,2950,,90,38,8,namecheap,,
4d314b57-f926-40e6-bc03-75542804310c,property.cash,resell,,,90,38,8,Dynadot Inc,02/09/2021 23:44,02/09/2026 23:44
fd9a8d82-f89e-46b3-ae6c-fb65378915e6,property.catering,premium,128.7,128.7,90,38,8,namecheap,,
9a190dbf-16c1-477b-9578-1551d923a0ed,property.center,resell,,,90,38,8,"Xiamen ChinaSource Internet Service Co., Ltd",19/08/2023 15:15,19/08/2026 15:15
4017b87a-c00c-448e-967a-1708b8c6bd14,property.cfd,premium,167.38,669.5,90,38,8,namecheap,,
e6166abb-ecbd-46f3-a519-19219e02c6b2,property.charity,available,37.98,,90,38,8,namecheap,,
be449657-2e43-4099-a0af-1dc88df95d3f,property.christmas,available,49.98,,90,38,8,namecheap,,
854931c6-8717-4001-b60f-d18f981c919b,property.clinic,premium,520,520,90,38,8,namecheap,,
dc66e53d-756a-4f7a-937e-0847effb7f7c,property.clothing,available,35.68,,90,38,8,namecheap,,
de2d2609-c778-4a44-90bf-884fc03b5866,property.cloud,premium,2500,2500,90,38,8,name.com,,
cb24ffdf-986f-49b6-97aa-a83840aece48,property.coffee,available,47.98,,90,38,8,namecheap,,
34509104-611a-4245-80fa-f487bcb575ba,property.college,premium,650,650,90,38,8,namecheap,,
fcc2a03e-fa6d-4222-96e8-a08ace7caa31,property.company,resell,,,90,38,8,GoDaddy Online Services Cayman Islands Ltd.,23/06/2015 19:23,23/06/2026 19:23
5447939a-f6a4-45ae-9b4e-3d7f634741ae,property.computer,resell,,,90,38,8,"Sav.com, LLC",10/07/2023 21:39,10/07/2026 21:39
b44da366-2d03-4697-a78d-4880841557be,property.condos,premium,1040,1040,90,38,8,namecheap,,
c4de27e2-4bb2-4bf9-b055-940010fe36d9,property.construction,resell,,,90,38,8,"Name.com, Inc.",18/02/2014 16:15,18/02/2027 16:15
c7be5615-2a0a-48fd-a3e3-c41ef6c4e042,property.consulting,premium,3900,3900,90,38,8,namecheap,,
8b980d37-48c0-4d33-8462-e448d3f2e42e,property.contact,resell,,,90,38,8,Porkbun LLC,22/02/2024 15:15,22/02/2030 15:15
15f43e9b-ff43-4bd2-be45-c4c5361987a9,property.contractors,resell,,,90,38,8,"GoDaddy.com, LLC",17/08/2023 15:19,17/08/2026 15:19
ce244a37-dd3d-4fb9-af4d-5fef05eec15f,property.cooking,available,33.98,,90,38,8,namecheap,,
04579440-fd6a-42fd-b3b7-d31e3247d3ca,property.cool,premium,520,520,90,38,8,namecheap,,
687445dc-ff98-4e90-8039-b778ec36843f,property.coupons,available,59.98,,90,38,8,namecheap,,
26d76193-2cb1-4d6c-a412-807fe332cf4d,property.courses,premium,1300,1300,90,38,8,namecheap,,
d4f9d268-a1e5-4efb-a437-99576b7a7c9c,property.creditcard,available,168.98,,90,38,8,namecheap,,
91743686-4161-48f9-b474-4f8755d27e0c,property.cricket,premium,6500,130,90,38,8,namecheap,,
37fd8305-27b5-47d0-ab43-7bf54b669dc4,property.cruises,premium,,,90,38,8,,,
e84d0541-356e-477a-a0dc-d97e1dcf8aa0,property.cyou,premium,143.65,574.6,90,38,8,namecheap,,
8c49b578-179e-4b92-a7d5-ad5515023491,property.dad,premium,648.7,648.7,90,38,8,namecheap,,
b85e7047-7ce1-435a-b91b-b3b19c12a214,property.dance,available,36.98,,90,38,8,namecheap,,
aea78d87-742b-4509-81ae-8c43948db4b2,property.date,premium,130,32.5,90,38,8,namecheap,,
ce4b06ea-6a0e-458b-b379-bde2720c0f2e,property.day,premium,648.7,648.7,90,38,8,namecheap,,
b3834445-1d61-4cc3-bbf2-170f0adb8dfd,property.deal,premium,650,650,90,38,8,namecheap,,
e85d5f79-865d-4eaf-8bdd-f5fcc28b95ba,property.dealer,premium,2015,2600,90,38,8,namecheap,,
a4e1df36-9dd9-4e28-bdac-feb6effa8fc6,property.deals,resell,,,90,38,8,Porkbun LLC,10/12/2015 07:38,10/12/2026 07:38
f86a823d-f88f-479d-a540-39a9676ab673,property.degree,available,66.98,,90,38,8,namecheap,,
97306b40-9bba-4b4a-a1e1-97d826c36d77,property.delivery,premium,,,90,38,8,,,
c8be4946-68ac-4bba-816a-caf89382979e,property.democrat,available,41.48,,90,38,8,namecheap,,
34ea67f8-edbd-46c9-b70b-ce238ebe07cf,property.dental,available,59.98,,90,38,8,namecheap,,
ac557c3c-0326-426f-babb-86e58da3c5fc,property.dentist,premium,128.7,128.7,90,38,8,namecheap,,
cd9eef5e-81cd-4788-b096-decd27ca1f2f,property.design,premium,845,845,90,38,8,namecheap,,
c3aeeec8-8b18-49f6-8922-97e5bc2a748e,property.diamonds,available,72.98,,90,38,8,namecheap,,
530b6c9e-fe88-4370-9eeb-25b257ee1bda,property.diet,available,159.98,,90,38,8,namecheap,,
9cf56e86-779f-491a-831c-1033b4a93053,property.diy,premium,650,1300,90,38,8,namecheap,,
8d519ce6-6655-471f-b13b-7fefb41f84b8,property.dog,resell,,,90,38,8,Dynadot Inc,07/09/2025 17:06,07/09/2026 17:06
db7e73bf-1b62-4ece-8a57-b264cbc04bf6,property.download,premium,455,65,90,38,8,namecheap,,
e0821523-0d73-4e9f-8244-e44876b14516,property.earth,resell,,,90,38,8,Porkbun,11/02/2020 16:39,11/02/2027 16:39
e437e63e-d97c-4826-9f6e-51a583e911c0,property.education,resell,,,90,38,8,"GoDaddy.com, LLC",02/04/2014 16:00,02/04/2027 16:00
9736a31f-a491-4ae8-a474-950c20c81ef0,property.engineer,premium,78,78,90,38,8,namecheap,,
642972e3-14d4-4b9e-bc97-eba749fbf06b,property.engineering,premium,128.7,128.7,90,38,8,namecheap,,
55794d57-2d7b-43b8-a785-1b1303709db6,property.enterprises,premium,260,260,90,38,8,namecheap,,
ec63741e-c098-4dd0-bbd0-baee1b0583aa,property.esq,premium,843.7,843.7,90,38,8,namecheap,,
8c1a3fc4-7eb0-4599-9810-6035c8abdf89,property.exposed,premium,128.7,128.7,90,38,8,namecheap,,
0e95c92c-81f4-495a-9a8e-3b9a09e8fa7b,property.fail,premium,128.7,128.7,90,38,8,namecheap,,
48648ac8-bf2d-4f06-985b-0f00f598042c,property.faith,available,16.98,,90,38,8,namecheap,,
aa32670b-96fb-4441-9ac9-ebbfd74b79f1,property.family,premium,520,520,90,38,8,namecheap,,
a51f1b8a-b5a6-4786-9810-d3b63c081e7a,property.fashion,available,44.98,,90,38,8,namecheap,,
17ba9462-3835-4929-874a-f6be4ed7d25a,property.fast,premium,650,650,90,38,8,namecheap,,
39ae030b-3a7d-4b1f-b175-512ca5761bad,property.film,premium,130,130,90,38,8,namecheap,,
7554a27b-6fe8-403c-8a15-15a05f384acf,property.fish,premium,128.7,128.7,90,38,8,namecheap,,
fd1daa85-a74e-4cb7-b7e2-2a55ef2d082e,property.fishing,available,43.98,,90,38,8,namecheap,,
e0bbdf6b-ae5e-4fee-9c7c-11834d79d222,property.fit,premium,520,31.2,90,38,8,namecheap,,
84d468dd-2430-41bc-84f3-86aaced9bb89,property.fitness,premium,128.7,128.7,90,38,8,namecheap,,
27e0941b-cfec-42c0-96b0-ada3bc03a887,property.flights,premium,128.7,128.7,90,38,8,namecheap,,
8f6a09fa-a45a-4f41-8034-25258d154383,property.florist,available,41.98,,90,38,8,namecheap,,
22b652c0-75f1-4fd9-8642-f37c329fb63e,property.flowers,available,159.98,,90,38,8,namecheap,,
e5010d49-3992-400a-9720-d27f6783d69e,property.foo,premium,167.7,167.7,90,38,8,namecheap,,
cba455ca-64ea-4e45-898e-0398eb9c27fc,property.food,premium,650,1300,90,38,8,namecheap,,
16a33db3-2258-4fdc-90fd-df35c2561f1c,property.football,available,36.98,,90,38,8,namecheap,,
47736aa9-0726-424f-abed-5b682c9c8df6,property.foundation,premium,128.7,128.7,90,38,8,namecheap,,
e0c9c30c-ad31-4360-948b-db3c0c4511ff,property.free,premium,650,650,90,38,8,namecheap,,
48f91613-d9ee-4c8a-8988-011dcdca70e0,property.fun,premium,325,1300,90,38,8,namecheap,,
b07ff0fb-0454-4a4b-b816-77e95434679e,property.furniture,premium,128.7,128.7,90,38,8,namecheap,,
a3f9c609-913b-4f29-82b1-bfa2eb5225e1,property.futbol,available,21.98,,90,38,8,namecheap,,
c21aef03-b84e-4b1a-9765-f946aae718c6,property.gallery,resell,,,90,38,8,"GoDaddy.com, LLC",12/02/2014 16:00,12/02/2027 16:00
3eaaa6df-abe7-47cf-8f8f-50384d6a2898,property.games,resell,,,90,38,8,"DNSPod, Inc.",08/06/2021 16:00,08/06/2026 16:00
595594c2-fd8f-4241-9a92-2030203c2ef4,property.gay,premium,,,90,38,8,,,
77011bd4-120e-43d0-bde6-5d10beef8fec,property.gift,available,23.98,,90,38,8,namecheap,,
44cfdd32-d034-4037-9a1d-f4359978ab7f,property.gifts,premium,260,260,90,38,8,namecheap,,
43a2b939-e47c-4190-8781-b6b644e7fceb,property.gives,premium,85.8,85.8,90,38,8,namecheap,,
0e644527-baac-43f6-a151-067e8b85345c,property.giving,premium,85.8,85.8,90,38,8,namecheap,,
701fe5ce-73be-4035-9a44-173337b02827,property.glass,available,99.98,,90,38,8,namecheap,,
4809fb82-5e34-4128-8e42-16a13a88bf05,property.global,premium,3120,65,90,38,8,namecheap,,
4019802f-c168-4c37-beb5-fe4e5d3889d7,property.gold,resell,,,90,38,8,"Chengdu West Dimension Digital Technology Co., Ltd.",13/04/2018 23:23,13/04/2030 23:23
25119722-1417-4b0d-b9e2-650432141929,property.graphics,available,31.98,,90,38,8,namecheap,,
c7add19c-0a06-42ce-9487-3f97b0d7db0c,property.gratis,available,31.98,,90,38,8,namecheap,,
2c0e7180-9b95-4355-9fcc-50eaca9a7326,property.green,premium,325,325,90,38,8,namecheap,,
876ec65b-447a-439d-a67f-7f917f72d6a7,property.gripe,premium,42.9,42.9,90,38,8,namecheap,,
bc728e43-1a5e-4c9a-adde-f6a21822d007,property.group,resell,,,90,38,8,GoDaddy Online Services Cayman Islands Ltd.,05/06/2016 16:00,05/06/2026 16:00
c307a078-772e-404c-abfc-330ef19f4d19,property.guitars,available,159.98,,90,38,8,namecheap,,
d6201242-cd94-4379-a56f-df60f28bcbaa,property.guru,resell,,,90,38,8,"Spaceship, Inc.",12/07/2015 16:00,12/07/2026 16:00
e5d50590-dc8a-4cd6-bda7-f65dfabd73f3,property.hair,premium,2600,15.73,90,38,8,namecheap,,
624d3e2f-e05b-4b43-a005-83e1cabc7d7c,property.health,resell,,,90,38,8,Dynadot Inc,13/02/2026 00:00,13/02/2027 00:00
6844fd53-3e6d-407f-aa59-28b9b6fe3056,property.healthcare,resell,,,90,38,8,"GoDaddy.com, LLC",10/06/2015 00:55,10/06/2026 00:55
80f7d7db-c153-4189-b6d9-16fde72f7373,property.hiv,available,195.99,195.99,90,38,8,namesilo,,
92a35801-0a42-4767-9ebb-591aa27b621e,property.hockey,available,72.98,,90,38,8,namecheap,,
ae30f2bc-1a27-498c-bc2b-43dd215e5b66,property.holdings,resell,,,90,38,8,"Sav.com, LLC",19/04/2017 10:22,19/04/2027 10:22
acff627e-2b88-4dca-8d1a-c4e0002a6a4b,property.holiday,premium,260,260,90,38,8,namecheap,,
440d40e6-146c-41e4-a507-85af128d51ef,property.homes,premium,845,15.73,90,38,8,namecheap,,
92586ad2-0e5f-4469-87e4-a7a5f7be78e2,property.hospital,available,71.98,,90,38,8,namecheap,,
1ddc8ecf-1a04-4154-8f60-59491684a19c,property.host,premium,3250,6500,90,38,8,namecheap,,
575b5fae-de24-4927-b9ee-210c8cf33535,property.hosting,available,398,,90,38,8,namecheap,,
ccc8fc57-63df-4b2a-a420-55d6b4009810,property.house,resell,,,90,38,8,"NameCheap, Inc.",17/09/2025 15:15,17/09/2026 15:15
ce558187-69fa-488e-b19e-7664b24630c0,property.how,premium,768.3,768.3,90,38,8,namecheap,,
d10bb4a8-b3a9-4b06-9bf9-eb287d15471e,property.icu,premium,57.85,231.4,90,38,8,namecheap,,
639d725d-5c09-489b-8ac8-d75a114e1526,property.immobilien,premium,128.7,128.7,90,38,8,namecheap,,
b98a774a-5de6-4a31-bb6e-dcaae471209d,property.industries,premium,260,260,90,38,8,namecheap,,
be7d5d2d-05b8-4d4d-9cb7-97969757b9bd,property.info,resell,34500,35.99,90,38,8,"GoDaddy.com, LLC",31/07/2001 02:11,31/07/2026 02:11
b5d91e59-2884-4fc9-bbbd-65e74e4a3c6e,property.ing,premium,845,845,90,38,8,namecheap,,
b0938f98-39d8-4928-8011-1f8908a524fa,property.international,resell,,,90,38,8,"GoDaddy.com, LLC",22/07/2019 11:30,22/07/2026 11:30
8bcdc7bb-a847-4ff2-bfe8-01dd186ef6ea,property.jetzt,available,30.48,,90,38,8,namecheap,,
e67641ba-a3dd-4e70-8976-98c34a80f32b,property.jewelry,available,69.98,,90,38,8,namecheap,,
6f5de797-634b-4e7a-b5ee-5055d7677bb6,property.juegos,available,478.98,,90,38,8,namecheap,,
701a2b46-c63d-4094-b3b2-cf1d2ffb30ce,property.kaufen,available,33.58,,90,38,8,namecheap,,
afa08a68-aa3a-442c-a070-5453ccd52045,property.kids,premium,65,23.4,90,38,8,namecheap,,
58804ce8-f357-4b41-a961-9441bd56ef40,property.kim,premium,85.8,85.8,90,38,8,namecheap,,
bc112f47-d74e-47fb-aa50-07b08664ad80,property.kitchen,available,83.98,,90,38,8,namecheap,,
7e76615c-f5ea-4063-902f-a658b64ac901,property.lgbt,available,93.98,,90,38,8,namecheap,,
5474f4ca-75bb-40fb-a585-024fa78f70c6,property.life,resell,,,90,38,8,"Spaceship, Inc.",17/03/2018 07:38,17/03/2027 07:38
d21ea9b5-c2b4-4790-a8bd-a741f813c59b,property.lifestyle,premium,650,1300,90,38,8,namecheap,,
58827b52-0c44-4ef6-8608-42d8e8432dfc,property.lighting,available,31.98,,90,38,8,namecheap,,
80657a32-c573-4a3b-8095-c0eb82644b9d,property.limo,available,68.98,,90,38,8,namecheap,,
38fd60f1-42ef-42fb-9170-2c19acd97f0a,property.live,resell,,,90,38,8,"Name.com, Inc.",26/06/2016 06:15,26/06/2026 06:15
089e0118-2a97-4925-a502-8f105e1f04ef,property.living,premium,650,1300,90,38,8,namecheap,,
b8e0c935-6806-450b-8d91-a9dfb1fd69c3,property.loans,resell,,,90,38,8,"GoDaddy.com, LLC",23/11/2016 03:12,23/11/2026 03:12
442eebcd-a16a-475f-8c3f-27245a14d49c,property.locker,premium,6500,58.5,90,38,8,namecheap,,
4ecd58cc-c927-4211-961d-779ff07541ea,property.london,resell,,,90,38,8,"Spaceship, Inc.",18/06/2019 15:43,18/06/2026 23:59
7580e14f-1c41-423d-84ef-3400234438cb,property.love,premium,2600,5200,90,38,8,namecheap,,
d43e4673-e6d6-444d-93a6-e20dda491cfa,property.ltda,premium,66.3,66.3,90,38,8,namecheap,,
3476b76f-53c5-4f95-9203-ded4a2231266,property.luxe,premium,,,90,38,8,,,
d46f2bd4-003b-4045-934c-e7a1187796bc,property.makeup,premium,2600,15.73,90,38,8,namecheap,,
d86b5015-a271-475e-9afa-d3e066a15e38,property.media,resell,,,90,38,8,"Name.com, Inc.",20/07/2014 16:00,20/07/2026 16:00
c1a4e21b-f50c-4027-b41e-5ada3f9b3596,property.melbourne,premium,8627.89,8627.89,90,38,8,namecheap,,
e2bc78ea-e8a2-4918-b899-f66d8bb9c7e8,property.meme,premium,195,195,90,38,8,namecheap,,
6b3969df-ef97-475a-8b37-e6d4ca6af7f5,property.memorial,available,64.98,,90,38,8,namecheap,,
67007264-8581-4f3d-9953-99f29c85d891,property.men,resell,,,90,38,8,"Global Domains International, Inc. DBA DomainCostClub.com",27/05/2018 11:56,27/05/2029 11:56
907ebda2-6059-41cb-8d78-79fa8d686dfa,property.miami,resell,,,90,38,8,Porkbun,05/02/2017 01:24,05/02/2027 01:24
92001186-a7d2-4316-b810-9e5a26a749c9,property.mobi,resell,,,90,38,8,"GoDaddy.com, LLC",28/07/2013 03:25,28/07/2026 03:25
014806b3-1f4e-40cf-a234-d80484b57fa9,property.moda,available,45.98,,90,38,8,namecheap,,
bb8e4477-e2be-4703-995b-5ff091a1438d,property.mom,premium,845,845,90,38,8,namecheap,,
7deace2d-1d2f-4551-968e-40233278d3ff,property.monster,premium,650,15.73,90,38,8,namecheap,,
c7e6ce30-9905-4f70-bb0b-efd1a2debcf3,property.mortgage,premium,,,90,38,8,,,
66dda114-13b7-4d81-ab3b-d492ebdce0ae,property.motorcycles,premium,845,15.73,90,38,8,namecheap,,
f86393ad-d2b3-4506-8e3a-ceb93abea085,property.mov,premium,167.7,167.7,90,38,8,namecheap,,
07f2fdbd-d27f-418f-b366-790509a6dbc7,property.movie,available,446.98,,90,38,8,namecheap,,
8b29bf86-7d82-4833-a28c-2457f2220e21,property.music,available,52.48,,90,38,8,namecheap,,
6248fded-655f-4842-8376-c8d1021f5618,property.navy,available,45.98,,90,38,8,namecheap,,
80321055-8d0c-46a1-9f9d-6eed5cddf47f,property.network,resell,,,90,38,8,Porkbun LLC,06/03/2025 15:15,06/03/2027 15:15
8316dccb-32a6-4ad5-9e82-e0242b6edc5b,property.nexus,premium,167.7,167.7,90,38,8,namecheap,,
4e8dee64-4719-4919-a8d2-fa90e7d38581,property.ngo,available,24.98,,90,38,8,namecheap,,
8e7aa1e9-44c8-4f62-816b-6fce40df6060,property.ninja,resell,,,90,38,8,"Sav.com, LLC - 6",15/04/2026 15:15,15/04/2027 15:15
950c103d-69b9-4429-a724-a202bd60deb0,property.now,resell,,,90,38,8,Dynadot Inc,30/03/2026 00:44,30/03/2027 00:44
838df932-7769-45c7-8421-391b6aba954f,property.observer,premium,1300,1300,90,38,8,namecheap,,
443342a7-48de-4f35-9404-57e4fb8a9bfc,property.onl,premium,162.5,325,90,38,8,namecheap,,
4067cfde-c611-4c8d-aa51-c9c8915e60a3,property.online,premium,7812.5,31250,90,38,8,name.com,,
16524e64-8565-4222-b832-5b38c1c3088f,property.ooo,premium,,,90,38,8,,,
15a3134c-6f13-4985-a57c-e532a43a09b8,property.organic,premium,,,90,38,8,,,
ec691c80-46b3-401b-b60b-3e7604bfd306,property.parts,premium,128.7,128.7,90,38,8,namecheap,,
3a99e20a-09ae-40b3-b4f8-764dcd493bd5,property.phd,premium,843.7,843.7,90,38,8,namecheap,,
8f1fda1a-751a-4db2-b842-31b0986d62f9,property.photo,premium,130,130,90,38,8,namecheap,,
97f4acae-4835-4f18-a4be-f21bcbc1f78c,property.pizza,available,83.98,,90,38,8,namecheap,,
dcd0cf4c-8ba3-4abc-9bc0-b8fe015ec471,property.place,resell,,,90,38,8,"Spaceship, Inc.",24/09/2014 16:00,24/09/2026 16:00
0b4b4b3e-1c66-4b25-91f5-29683eaf4184,property.plumbing,premium,520,520,90,38,8,namecheap,,
d366305f-de4d-4558-95a4-7fd8aa2428f6,property.plus,resell,,,90,38,8,"DNSPod, Inc.",16/09/2019 10:07,16/09/2026 10:07
b6058b8b-1794-4f6a-831e-62fde35dabf9,property.poker,available,85.98,,90,38,8,namecheap,,
799a217a-fe74-45a2-abb6-d87de0cd0882,property.press,premium,1950,3900,90,38,8,namecheap,,
2345863b-6d16-4b4a-8a79-8f9f56c79991,property.productions,premium,128.7,128.7,90,38,8,namecheap,,
f464c5a1-402a-4696-b54d-0f0240088f43,property.prof,premium,843.7,843.7,90,38,8,namecheap,,
4c4ba889-93d3-4f1e-af5a-06768ef3d946,property.properties,resell,,,90,38,8,"GoDaddy.com, LLC",08/12/2024 10:42,08/12/2026 10:42
82686a83-3199-4220-ab22-ca9f7a4387d3,property.protection,available,2950,,90,38,8,namecheap,,
c6cb4d2d-a4c3-4395-b2b4-b6840571412f,property.pw,premium,3250,3250,90,38,8,namecheap,,
7bcc5f0e-193e-4423-a0a5-f06e55d0e09b,property.quest,premium,845,15.73,90,38,8,namecheap,,
86bd09bd-0fde-4aca-977a-f3c3e137c160,property.racing,premium,130,130,90,38,8,namecheap,,
7ac520e5-1e5d-4e2b-be64-3a251d253077,property.recipes,available,95.98,,90,38,8,namecheap,,
5dfe0cb3-70b6-41d8-a276-66e2c6fc0af3,property.red,resell,,,90,38,8,"Sav.com, LLC - 31",21/04/2025 15:15,21/04/2027 15:15
bfc90498-6809-40e3-b555-846342bc2d55,property.rehab,premium,260,260,90,38,8,namecheap,,
6f4ac9d8-8d7a-4d32-aaf3-ef9e2fea946e,property.reise,available,127.98,,90,38,8,namecheap,,
873e5a15-9eca-4103-a451-acd2ff1967b6,property.reisen,available,28.98,,90,38,8,namecheap,,
f60051f8-fd16-4042-98a7-c17473e102fc,property.republican,available,43.98,,90,38,8,namecheap,,
a92d6cf7-b8af-4bbd-b28a-58d373349ee5,property.rest,premium,58.5,117,90,38,8,namecheap,,
9e448fa9-6919-48a8-97c5-5d649ad81174,property.restaurant,available,81.98,,90,38,8,namecheap,,
d0ecf03d-6f36-4b8f-b233-b32d02777ff7,property.review,premium,6500,130,90,38,8,namecheap,,
bdc39015-6b5d-4f5a-ab26-9bf6c5536a46,property.reviews,premium,1040,1040,90,38,8,namecheap,,
ad62eba8-3f68-4814-8149-d34e5f9752c3,property.rich,available,94.99,1999,90,38,8,namesilo,,
5139c3f1-c8e0-4c56-ba9f-252a7d376f22,property.rodeo,available,13.28,,90,38,8,namecheap,,
4f34f688-1705-42e1-a2e2-70af8f2e4aec,property.rsvp,premium,,,90,38,8,,,
cc154712-f4b0-4b94-8767-46adfa1d82a8,property.run,resell,,,90,38,8,"DNSPod, Inc.",19/04/2019 23:16,19/04/2027 23:16
2b32ee24-bd18-4b20-82aa-82bd8a1c508d,property.salon,premium,,,90,38,8,,,
5d36408a-b0a6-4bbe-8865-4ac087f655d9,property.sarl,available,8.98,,90,38,8,namecheap,,
6c6698e0-aea6-413c-95b4-0d773bc43ee8,property.sbs,premium,143.65,574.6,90,38,8,namecheap,,
1c517078-0bf9-4c08-8208-6573db56f373,property.schule,available,32.98,,90,38,8,namecheap,,
26b6e889-6b0d-4c3e-ba14-b96c3cddb20b,property.science,premium,650,84.5,90,38,8,namecheap,,
ded8bb77-b3c4-4f97-82e3-ed1c74b88275,property.security,available,2950,,90,38,8,namecheap,,
82da5df5-ee62-4ba8-a462-823fc03ff16f,property.sexy,available,3298,,90,38,8,namecheap,,
2a62aac7-e304-4fff-b42c-28bd2dd654ff,property.shiksha,available,69.98,,90,38,8,namecheap,,
e50cde53-0475-420d-9e01-125607d8eb5c,property.shoes,available,81.98,,90,38,8,namecheap,,
78b8a594-ad47-4777-9698-037046ca6773,property.shopping,premium,128.7,128.7,90,38,8,namecheap,,
9dbd4dec-5786-4c0c-9976-e1d60b854f38,property.singles,available,36.98,,90,38,8,namecheap,,
66f57004-0f15-44aa-8d10-7d5238a5d730,property.skin,premium,2600,15.73,90,38,8,namecheap,,
6dc2db69-429a-4b76-ae65-91d42f7a5c91,property.soccer,available,29.48,,90,38,8,namecheap,,
e072fb4f-d099-41e7-846c-59eddfefab6f,property.software,premium,520,520,90,38,8,namecheap,,
8c1f69a5-62f0-44e8-8b48-a3bed117c6ec,property.solar,premium,,,90,38,8,,,
8325147b-ebe8-4387-91da-0c0b5fe74ceb,property.soy,premium,698.1,698.1,90,38,8,namecheap,,
723718f4-5f80-4fd1-ae77-fb59bc237d54,property.space,premium,3250,13000,90,38,8,namecheap,,
b52786b9-bf6a-472c-9828-cc4897bed8df,property.spot,premium,650,650,90,38,8,namecheap,,
1b716aee-0ed0-4226-9f5c-e877dd1c545c,property.srl,premium,,,90,38,8,,,
1944fa6d-dd07-4bd2-b4a4-88636ae13e57,property.storage,available,858,,90,38,8,namecheap,,
561252a0-ea68-43cb-acba-c9dd8ef9516e,property.store,premium,781.25,3125,90,38,8,name.com,,
465652c9-88cb-4b97-89df-2749ff653542,property.stream,premium,1300,130,90,38,8,namecheap,,
9fd09013-a328-459b-92b1-6adcc8cd6589,property.studio,premium,520,520,90,38,8,namecheap,,
7c4c4bc2-3228-423b-9df2-38bad4ae259d,property.study,premium,1300,1300,90,38,8,namecheap,,
c0a7b1a7-2fcb-4a24-82c7-c9b75473e8ac,property.style,premium,128.7,128.7,90,38,8,namecheap,,
14f77519-1fc4-47ab-836e-4755084520e5,property.sucks,available,298,,90,38,8,namecheap,,
9bd01831-c306-481f-bab9-7b2f93287d76,property.supplies,available,32.48,,90,38,8,namecheap,,
7ddf9718-cd85-4301-adca-fb8e3cfce482,property.surf,premium,104,31.2,90,38,8,namecheap,,
4b865091-61ab-471e-ba5b-2cccb1d27c18,property.surgery,premium,128.7,128.7,90,38,8,namecheap,,
b41f67e8-6a1a-499c-a413-d4bc18b7515d,property.sydney,premium,8627.89,8627.89,90,38,8,namecheap,,
f131fd7e-487a-4081-8feb-e1999f36e77c,property.systems,resell,,,90,38,8,Dynadot Inc,02/06/2020 16:20,02/06/2030 16:20
8edb4068-277b-4747-a491-3cab64ba3e0e,property.talk,premium,650,650,90,38,8,namecheap,,
1e7097e6-a7ff-4973-a14c-cc2486c8d82f,property.tattoo,available,48.98,,90,38,8,namecheap,,
8807edc1-8bd1-403a-a47c-3d021a83d2c0,property.taxi,available,69.98,,90,38,8,namecheap,,
3b03cc6d-4c10-4ad7-91cf-e1b1eb00bd1d,property.tennis,available,81.98,,90,38,8,namecheap,,
3f75e3b7-4d42-4c0f-aa1e-a6acabc3fbfd,property.theater,available,80.98,,90,38,8,namecheap,,
90bd66c3-94aa-4509-be6a-58a7d5e132a6,property.theatre,available,620,,90,38,8,namecheap,,
cc973054-3119-42b0-80a3-1013c8fd262b,property.tickets,available,568,,90,38,8,namecheap,,
2eda0d8a-2a3a-40ff-a2c1-79303ccd0ebe,property.tienda,available,74.98,,90,38,8,namecheap,,
f52b542e-4763-4800-85ef-1c7051f2533e,property.tires,available,110.98,,90,38,8,namecheap,,
4894c8f1-b8da-4614-befe-338e24858058,property.to,resell,,,90,38,8,NAMECHEAP,08/12/2025 17:30,08/12/2027 17:30
d72f4e43-67f2-4006-87bb-50d14bba8aae,property.top,resell,,,90,38,8,阿里云计算有限公司,07/11/2017 08:54,07/11/2026 08:54
c33b2f39-5f75-497d-8251-d73531375584,property.town,premium,85.8,85.8,90,38,8,namecheap,,
2b4bd220-921f-4a8d-8cb4-6431b345b4ee,property.toys,available,82.48,,90,38,8,namecheap,,
b20a1409-765d-4b92-bfe1-6c969bfc8618,property.trade,resell,,,90,38,8,Porkbun,29/07/2019 13:27,29/07/2030 13:27
d0b1657b-f544-4203-acee-22d47bae9ad1,property.training,resell,,,90,38,8,Porkbun LLC,27/11/2025 02:27,27/11/2026 02:27
adcc4ae9-93d5-4a6a-9f25-6482522a1356,property.university,premium,128.7,128.7,90,38,8,namecheap,,
2e6998d1-def8-4d96-bcd0-d4de0822d950,property.uno,premium,1300,1300,90,38,8,namecheap,,
b8fb7ebc-f83b-4281-8501-d90331bc28b3,property.vacations,premium,128.7,128.7,90,38,8,namecheap,,
f8033f4e-ffc1-4a06-ae2c-b8525f5a8fb1,property.vana,available,2498,,90,38,8,namecheap,,
a37bc33f-37d8-469d-b5ba-5962f3031dc6,property.vegas,resell,,,90,38,8,"GoDaddy.com, LLC",11/04/2021 18:37,11/04/2027 18:37
f553eac8-e764-49fa-8038-c97d46585485,property.ventures,resell,,,90,38,8,"Sav.com, LLC",19/04/2017 10:22,19/04/2027 10:22
050e6950-16ac-41b1-a3e3-9871b98d0051,property.viajes,available,57.98,,90,38,8,namecheap,,
febfd776-990b-4c1f-a5e4-b5714af19ac4,property.vin,available,75.98,,90,38,8,namecheap,,
76a91d5b-5101-4921-93f9-b22bb6802f2d,property.vodka,available,38.98,,90,38,8,namecheap,,
199422a7-7811-4064-b382-3e50d85e1620,property.voting,available,1448,,90,38,8,namecheap,,
00da2435-cb94-4b12-9e9b-efa8925b9217,property.voto,available,86.98,,90,38,8,namecheap,,
cb511360-f7e7-4df6-8a05-25dee7ab9786,property.voyage,available,73.98,,90,38,8,namecheap,,
1c75af71-bb27-45b9-8a3f-1154547b526e,property.website,premium,1625,3250,90,38,8,namecheap,,
2cfdb471-faec-41e5-a0d0-11b7d09316e8,property.wedding,available,41.98,,90,38,8,namecheap,,
74d406a3-581d-4c7f-8105-87f78de18209,property.win,premium,455,65,90,38,8,namecheap,,
779cf9df-e72b-4d4d-a130-a719363cf259,property.wtf,premium,42.9,42.9,90,38,8,namecheap,,
58d17bc0-63c0-46d7-868d-d588a9418dcb,property.yachts,premium,845,15.73,90,38,8,namecheap,,
4c83f85b-95db-438b-aa52-2e16d4c694ee,property.yoga,available,42.98,,90,38,8,namecheap,,
b66df849-dc9b-43cc-90a7-2eb5c00efee0,property.you,premium,650,650,90,38,8,namecheap,,
532cf860-c300-4c4b-9cc5-be054251914a,property.apartments,resell,,,76,38,8,Metaregistrar BV,28/06/2023 04:57,28/06/2026 04:57
9c7a5251-fcfa-4b90-ac8e-2c7360001339,property.broker,premium,6250,,76,38,8,name.com,,
adcad299-d149-4e95-b134-e9521b57a7e0,property.capital,premium,500,,76,38,8,name.com,,
bb63ebb0-188b-4ca8-8e8e-6f590d5e5d56,property.channel,premium,623.75,,76,38,8,name.com,,
8c57a651-20f1-41c4-a031-ec99ae6b861a,property.desi,available,22.98,,76,38,8,namecheap,,
76b8da40-79c0-4cc3-bca5-2303d091628f,property.finance,resell,,,76,38,8,Porkbun LLC,18/11/2016 06:49,18/11/2026 06:49
bafe3e7e-7882-4993-8f0f-2b28615ef92b,property.forex,premium,1250,,76,38,8,name.com,,
a52f3bcc-558b-4bb2-84d7-d57f6b4340f6,property.horse,resell,,,76,38,8,"Spaceship, Inc.",07/12/2025 05:35,07/12/2026 05:35
1ef7b52e-7700-45a3-8a34-e96dba157797,property.kiwi,premium,1114.75,,76,38,8,name.com,,
cd6aafe9-b4fe-4558-b52c-8134d6afa71b,property.law,resell,,,76,38,8,"GoDaddy.com, LLC",27/02/2019 23:39,27/02/2027 23:39
50f7355b-cacb-4d66-ac9e-1c081513d8dd,property.llc,premium,312.5,,76,38,8,name.com,,
cba4f970-407c-4d21-b2e3-287d1399b1b7,property.mobile,premium,375,,76,38,8,name.com,,
76e07077-b669-4c9e-9403-85475fc6a135,property.moi,premium,93.75,,76,38,8,name.com,,
17ff603e-b5ce-49f6-ba4f-abb07d3a5d73,property.partners,resell,,,76,38,8,Porkbun LLC,29/08/2016 08:20,29/08/2026 08:20
5e33db2c-a527-40e8-8527-a1239079af69,property.rentals,resell,,,76,38,8,Porkbun LLC,18/10/2017 09:06,18/10/2026 09:06
f723a10b-2fad-442e-8e48-ff1ee924e9a8,property.report,resell,,,76,38,8,Porkbun LLC,18/11/2016 08:05,18/11/2026 08:05
fa71ab75-3957-4aa9-ae98-ab13313e0981,property.ryukyu,available,22.98,,76,38,8,namecheap,,
5e015511-4c46-4288-bd82-abde8295c9ba,property.sex,resell,,,76,38,8,"GoDaddy.com, LLC",01/08/2019 05:11,01/08/2026 05:11
4524cc55-f502-4086-8e39-04059025f6b1,property.trading,premium,1250,,76,38,8,name.com,,
b3717206-1971-4809-ac58-ac77f7f49b8c,property.xxx,premium,,,76,38,8,,,
944a274f-a4b8-4817-96fa-7e83ba77fd14,estate.at,premium,,,100,92,6,,,
944a754e-391b-4ea8-8170-4b17632a80f4,estate.cloud,premium,1300,1300,100,92,6,namecheap,,
b291496c-dac3-4093-abe1-0d8cf7c32921,estate.com,resell,,,100,92,6,"GoDaddy.com, LLC",18/08/1994 04:00,03/02/2029 06:53
5856f050-ef02-4314-a570-8ba8d5dd0243,estate.expert,premium,1040,1040,100,92,6,namecheap,,
3240d68a-0691-46e9-b5fc-a481ca46c41e,estate.ninja,available,42.98,,100,92,6,namecheap,,
a8d4470a-e760-4215-b842-dc33ef3d1321,estate.online,premium,3125,12500,100,92,6,name.com,,
1f723070-7f70-4db1-aa0a-3f74619ebb51,estate.site,premium,781.25,3125,100,92,6,name.com,,
7dcfa41d-f1dc-49e8-be5e-b5e64640c357,estate.space,premium,1625,6500,100,92,6,namecheap,,
b77d5c65-4c11-446f-82d9-d7b711a17a0e,estate.xyz,resell,,,100,92,6,"Go Daddy, LLC",14/09/2021 17:27,14/09/2025 23:59
91c37c7f-d391-4f0b-b791-07a0be851068,real.farm,resell,,,78,51,4,Dynadot Inc,12/08/2025 17:43,12/08/2026 17:43
bc538f45-e834-462f-af47-8ab18a7626c3,real.jetzt,available,30.48,,78,51,4,namecheap,,
580fd4c0-08d3-44b8-85e2-db70a0e4c933,real.coupons,resell,,,78,50,4,"Sav.com, LLC - 12",10/09/2025 15:15,10/09/2026 15:15
9ff98eb6-a413-455c-aba3-f13efe481ccc,real.ac,resell,,,78,48,4,Porkbun LLC,12/02/2024 17:00,12/02/2027 17:00
36bf6fd0-42eb-444a-a326-1f277a1ebc18,real.accountant,premium,650,84.5,78,48,4,namecheap,,
d50528bb-99ef-4d3c-852e-346d9a739208,real.accountants,premium,520,520,78,48,4,namecheap,,
0643e478-7c87-4db0-8fe1-5e55c0aa0576,real.ai,resell,,,78,48,4,"GoDaddy.com, LLC",16/12/2017 00:05,18/05/2027 00:05
11d6c7f6-366a-4562-80ba-a70330a50729,real.airforce,available,134.98,,78,48,4,namecheap,,
ce43164f-be2e-4af0-a105-f4a4243b33ac,real.archi,available,132.98,,78,48,4,namecheap,,
b8519c4f-dc5d-4786-b8e9-ab5340c36184,real.asia,resell,,,78,48,4,"DNSPod, Inc.",04/05/2024 06:52,04/05/2030 06:52
e802baf8-d001-4298-a05e-6ecde327b2ba,real.attorney,premium,1300,1300,78,48,4,namecheap,,
f1a5fa47-6a02-487b-9ed6-c15de4af8c6f,real.auto,available,2950,,78,48,4,namecheap,,
4b8bec17-f4fe-4b32-b269-81c8aa78b812,real.autos,premium,845,15.73,78,48,4,namecheap,,
c0c59202-f773-4f25-be38-b1fc5f864676,real.bar,premium,585,1170,78,48,4,namecheap,,
d3b846cf-9bd8-49e1-ae53-a4a1f14da082,real.barcelona,available,38.98,,78,48,4,namecheap,,
d24af131-4799-49e0-b1bb-3c3206330611,real.bargains,resell,,,78,48,4,Porkbun LLC,17/08/2025 16:39,17/08/2026 16:39
e517ac26-c6f0-4f80-aa63-0097c7c77b88,real.bayern,premium,,,78,48,4,,,
9d955ba6-9c67-4659-9776-a982b6c7203a,real.beauty,premium,2600,15.73,78,48,4,namecheap,,
982a2ced-59d1-44f4-b116-3bd6b93bfea6,real.beer,resell,,,78,48,4,"22net, Inc.",17/05/2022 00:00,17/05/2030 00:00
477155be-669c-4d58-9351-2446cd2ed186,real.bingo,premium,520,520,78,48,4,namecheap,,
d4fb3e2f-8f70-4f1b-a4a6-a093be23bef7,real.blackfriday,available,134.98,,78,48,4,namecheap,,
2fb925ad-8564-4cdc-a949-7c5c2999255d,real.blog,premium,1625,6500,78,48,4,namecheap,,
545181e5-c9d2-4a14-aa81-bf633c9f78c6,real.boats,premium,845,15.73,78,48,4,namecheap,,
dd1f44c7-de54-4044-8401-1dac3aa543c6,real.boo,premium,648.7,648.7,78,48,4,namecheap,,
a3b61b77-5353-40c8-9894-4d7ee17b93e2,real.boston,premium,,,78,48,4,,,
3edcb45e-1be9-49c3-b094-79bde4c9d056,real.bot,premium,3250,3250,78,48,4,namecheap,,
71fb755e-5021-49a1-8328-b4cc8c8a5044,real.broker,premium,1250,,78,48,4,name.com,,
25c7b0da-4ced-44e6-a06e-37efd1192bc5,real.build,premium,650,650,78,48,4,namecheap,,
05df2c43-5a54-40cb-aa0c-83f4da83bf8b,real.builders,resell,,,78,48,4,"Sav.com, LLC - 35",01/12/2025 15:15,01/12/2026 15:15
9d787291-f1c1-4f73-8e30-2ac340b0cc41,real.buzz,premium,,,78,48,4,,,
7303563b-ec4b-44fb-accc-df710b2455df,real.cab,resell,,,78,48,4,"Sav.com, LLC - 3",31/12/2025 15:15,31/12/2026 15:15
3a3170a2-dedc-4598-8337-12fb30ca5e4a,real.cafe,resell,,,78,48,4,UM DOMAINS PTE. LTD,02/01/2026 15:15,02/01/2027 15:15
bad51f3a-0bfe-4e36-a693-b9aa7a6a2492,real.car,available,2400,,78,48,4,namecheap,,
028e630c-120d-456b-80c0-53be5df61741,real.cars,available,2950,,78,48,4,namecheap,,
5a06ba0d-43d5-4ac9-8352-d858c656db34,real.catering,available,48.98,,78,48,4,namecheap,,
c8a3ef9a-68f7-4d48-87c2-acda0e32c54d,real.cc,resell,,,78,48,4,"GoDaddy.com, LLC",06/08/2002 15:17,06/08/2026 15:17
a770ddac-d8ba-4d1a-8f24-26ba27b26669,real.center,resell,,,78,48,4,"Xiamen ChinaSource Internet Service Co., Ltd",03/11/2025 15:15,03/11/2026 15:15
61ca1c2f-fc3d-4a47-a38d-7642899c4743,real.ceo,premium,518.96,518.96,78,48,4,namecheap,,
db8e34f3-166f-4ad6-9a26-7a9cef269d8a,real.cfd,premium,167.38,669.5,78,48,4,namecheap,,
bd537510-cca3-44ea-9536-c3c70615f334,real.channel,premium,623.75,,78,48,4,name.com,,
8d3d2c07-4835-46db-a300-26a7b59845aa,real.chat,resell,,,78,48,4,Dynadot Inc,01/11/2018 02:13,01/11/2026 02:13
fb16692a-6124-49d6-8756-a3c24fdaae7b,real.city,resell,,,78,48,4,Dynadot Inc,22/02/2020 23:51,22/02/2027 23:51
1cba06df-cc32-4a7b-b32d-de643563c9e8,real.claims,premium,,,78,48,4,,,
bf5c4d9d-fa4d-4abd-a767-a6d9b52de287,real.cleaning,premium,260,260,78,48,4,namecheap,,
30058b11-00d9-4eac-a386-2e1b279d1ba2,real.clothing,resell,,,78,48,4,Dynadot Inc,19/09/2025 19:42,19/09/2026 19:42
890c382b-2dfe-430d-abf8-d98e0beb1282,real.cloud,premium,1300,1300,78,48,4,namecheap,,
58ff949d-046b-491d-b657-65dc7e480b88,real.codes,premium,,,78,48,4,,,
4cf01222-e1de-4110-b3e4-afdfab4f6e82,real.coffee,resell,,,78,48,4,"Spaceship, Inc.",31/10/2021 17:20,31/10/2026 17:20
651d8ec1-47f6-4739-be54-15e5c9b5fe1b,real.company,resell,,,78,48,4,Alibaba Cloud Computing Ltd. d/b/a HiChina (www.net.cn),25/09/2020 23:17,25/09/2026 23:17
5dfb80e3-bb2b-4a7f-b1b0-aec0f1517fe5,real.condos,premium,85.8,85.8,78,48,4,namecheap,,
4f58e831-6c7d-4a0a-a0d3-6a7b4b4654dd,real.consulting,resell,,,78,48,4,"Spaceship, Inc.",06/10/2020 17:17,06/10/2026 17:17
bed53f5d-5e85-4dc7-97a0-f5ddc433b1e6,real.contact,resell,,,78,48,4,Porkbun LLC,09/12/2020 16:00,09/12/2026 16:00
a7809463-04dd-4f0e-ae10-b027d2d7e7a6,real.contractors,available,39.98,,78,48,4,namecheap,,
73091afb-eb15-40d8-93fd-a929c8720a39,real.cooking,premium,260,31.2,78,48,4,namecheap,,
c3d191af-6bd6-413c-ac2a-1dc0d940a72a,real.cool,resell,,,78,48,4,Dynadot Inc,29/03/2024 20:00,29/03/2027 20:00
7b3815ec-edb1-432c-a675-6a5166d726eb,real.credit,resell,,,78,48,4,"Global Domains International, Inc. DBA DomainCostClub.com",24/12/2025 15:15,24/12/2026 15:15
cef55792-07f0-48b9-b548-9a58f1a4a53f,real.creditcard,available,168.98,,78,48,4,namecheap,,
fef94952-3843-43ed-8a09-1c34dd4c5235,real.cricket,premium,3250,130,78,48,4,namecheap,,
19ebd9c3-62be-4149-9da9-b6264dee6487,real.cruises,premium,260,260,78,48,4,namecheap,,
6edafb5e-7524-4676-9998-4dbc2b8852c9,real.cx,resell,,,78,48,4,West263 International Limited,22/07/2023 13:29,22/07/2026 13:29
6486e271-db1c-42bf-9fe8-2e0dd6c6a854,real.cyou,premium,143.65,574.6,78,48,4,namecheap,,
40bcd4b7-c585-4e2b-9e98-bd9d459a32c7,real.dad,premium,648.7,648.7,78,48,4,namecheap,,
ee321474-ccb8-47ce-9b85-ed84e932a94c,real.day,premium,648.7,648.7,78,48,4,namecheap,,
1d6eb88a-0d3e-49a5-868b-4d14fa948f5b,real.dealer,premium,2015,2600,78,48,4,namecheap,,
0ddcd32a-77fd-4480-ac28-1b38119a6d92,real.dental,premium,85.8,85.8,78,48,4,namecheap,,
74d1ba32-99f3-48ed-8069-7c98ce0b4291,real.dentist,available,81.98,,78,48,4,namecheap,,
a0f1cb79-c881-4d15-8177-6e97e2cbd75d,real.desi,available,22.98,,78,48,4,namecheap,,
7ded29a4-9737-4983-b76f-c56a53818853,real.diet,available,159.98,,78,48,4,namecheap,,
da7a9bd3-664d-4be4-bf5b-5eda44f38dce,real.diy,premium,325,650,78,48,4,namecheap,,
ef506394-f781-455f-9ccc-d5607b2f47c5,real.energy,resell,,,78,48,4,"Sav.com, LLC - 21",31/12/2024 15:15,31/12/2026 15:15
242e4374-4897-487e-8883-017ce6626783,real.engineer,premium,78,78,78,48,4,namecheap,,
31c13e19-30fd-49da-b0ae-03c88b90d398,real.esq,premium,843.7,843.7,78,48,4,namecheap,,
3980ad96-5823-4b52-bf57-72ca6684aaca,real.events,resell,,,78,48,4,Dynadot Inc,03/11/2018 09:18,03/11/2026 09:18
a87dd48b-dc83-4b22-8812-823b2894af53,real.exposed,premium,260,260,78,48,4,namecheap,,
6381b289-a8f9-4f84-9672-a8c07a3c8102,real.fail,premium,85.8,85.8,78,48,4,namecheap,,
e8b89c01-85dc-44a2-b53e-c1063574af75,real.fast,resell,,,78,48,4,"Spaceship, Inc.",15/10/2025 07:33,15/10/2026 07:33
877e3b4c-f0a5-4b61-a269-fbb430e14467,real.film,premium,650,650,78,48,4,namecheap,,
9ef78cf0-b91a-45b0-8468-dd569780e089,real.florist,premium,85.8,85.8,78,48,4,namecheap,,
284f7c7e-2826-43ba-a410-9880cfacb5b9,real.flowers,available,159.98,,78,48,4,namecheap,,
26593ec6-3ab4-41d4-80a8-42add0bc7c0c,real.foo,premium,1298.7,1298.7,78,48,4,namecheap,,
3ea6437f-9ee8-4676-beab-cbce094069f8,real.forex,premium,1250,,78,48,4,name.com,,
fec23ba3-5d39-4249-80b6-cf0fc9bedc55,real.forsale,resell,,,78,48,4,"Sav.com, LLC - 4",20/07/2025 15:15,20/07/2026 15:15
cf4765ff-3fbd-429b-a1e3-23825e76b3c7,real.forum,premium,195,650,78,48,4,namecheap,,
0ac43873-098a-45e8-8156-f870b5cfac37,real.free,premium,1300,1300,78,48,4,namecheap,,
17b1ce43-2663-45dc-b5b2-d5ceffccd83f,real.fun,premium,,,78,48,4,,,
982a4225-9575-44f1-b756-f45e2eba1da3,real.fund,resell,,,78,48,4,Dynadot Inc,02/03/2023 15:15,02/03/2027 15:15
c8a58ce5-d832-4524-b3d5-69ce9db64c88,real.furniture,premium,85.8,85.8,78,48,4,namecheap,,
4af91c91-576b-4273-a961-3dca67d88c98,real.futbol,resell,,,78,48,4,"GoDaddy.com, LLC",14/01/2025 23:54,14/01/2027 23:54
60a02bda-5f6c-4d48-8327-bbcdcac912ac,real.games,premium,1300,1300,78,48,4,namecheap,,
44f6bfba-6f6a-4e85-96f7-326117d9eb2b,real.garden,premium,260,31.2,78,48,4,namecheap,,
32da8850-2a33-4156-8734-132660f7190b,real.gay,premium,2400,2400,78,48,4,namecheap,,
96288f15-b2bd-4a95-b996-40b53df7744a,real.gg,resell,,,78,48,4,Chang Wen Ling t/a private.tw (http://www.private.tw),,
753cc212-15cd-4460-a2bf-1613810e972f,real.gives,available,37.98,,78,48,4,namecheap,,
d4774a1b-814c-4e8f-b10d-fe941f7cff30,real.glass,premium,,,78,48,4,,,
41e292e6-dd8c-4305-b87a-442a43f5dabc,real.global,premium,,,78,48,4,"Chengdu West Dimension Digital Technology Co., Ltd.",11/04/2022 17:00,11/04/2027 17:00
95e6aef6-65ac-4ea4-95d3-ef45a0e1688a,real.graphics,resell,,,78,48,4,"Sav.com, LLC",15/07/2017 21:27,15/07/2026 21:27
fd55f920-522b-40fc-9abb-f97a300c3dcf,real.gratis,premium,520,520,78,48,4,namecheap,,
a3140970-1bb5-45dc-89df-2cdc0331de67,real.green,premium,780,780,78,48,4,namecheap,,
6155db57-814b-48d8-80f2-c3d6751e1662,real.group,resell,,,78,48,4,"Sav.com, LLC",24/08/2019 09:31,24/08/2026 09:31
c5dcf602-dc43-4b1b-9830-384a73242d1e,real.guitars,premium,845,845,78,48,4,namecheap,,
ca184d03-de6d-4fdc-acb9-a9ad5b8f8714,real.hair,premium,2600,15.73,78,48,4,namecheap,,
e7440f1d-2892-4e50-bd40-585603bc8ddd,real.hamburg,available,59.99,,78,48,4,name.com,,
c06cc108-3dcd-4cab-b04a-5cf0729ba709,real.healthcare,premium,260,260,78,48,4,namecheap,,
0f41e375-0e5c-4ee0-b8ea-8f4d72aa06cd,real.hiv,premium,,,78,48,4,,,
29465db4-96f4-4eed-bfc7-252e7b278ef2,real.hospital,available,71.98,,78,48,4,namecheap,,
60c904fd-59c5-4d27-b03c-b5af86d0bc57,real.host,premium,4875,9750,78,48,4,namecheap,,
f60a65c4-ccb1-4071-9190-a239a5a0016c,real.hosting,available,398,,78,48,4,namecheap,,
010bf253-9d68-4417-99d1-b5afb0313411,real.hot,premium,1300,1300,78,48,4,namecheap,,
90d2b998-ec6c-4d40-a759-bf6900089c52,real.how,premium,768.3,768.3,78,48,4,namecheap,,
9c484141-f14a-42d7-9eff-175bb159011f,real.icu,premium,186.88,747.5,78,48,4,namecheap,,
9da0c80e-f540-4b76-bd26-599979c3bb8c,real.ing,premium,3900,3900,78,48,4,namecheap,,
33148cdf-018c-4626-b158-efb8e1d27aa2,real.insure,available,91.98,,78,48,4,namecheap,,
00d8046c-2972-47de-8929-ba5128de31a6,real.investments,premium,260,260,78,48,4,namecheap,,
c0bf0fb6-3919-47b2-b1d3-a15d44db9e73,real.irish,resell,,,78,48,4,Dynadot Inc,26/02/2026 08:07,26/02/2027 08:07
c0bda97d-d6ab-4409-9a12-75b1f4f9f6de,real.jewelry,resell,,,78,48,4,Dynadot Inc,07/09/2025 17:00,07/09/2026 17:00
dd3bedbc-af2c-476d-af23-d0b53b49dcc5,real.juegos,available,478.98,,78,48,4,namecheap,,
bbe3e857-9b92-4872-8440-b25f57a61441,real.kaufen,available,33.58,,78,48,4,namecheap,,
c1f4945d-0aa3-4ae9-8270-6658bf5c3886,real.kids,premium,390,23.4,78,48,4,namecheap,,
07a7753a-c8a1-444e-a7f2-ae220906d69d,real.kim,premium,,,78,48,4,,,
d883487e-f930-4b22-b7cc-8ab47d814996,real.la,resell,,,78,48,4,"GoDaddy.com, Inc.",12/04/2023 08:44,12/04/2027 23:59
0c517ccc-f910-4116-bbbf-2efe51816412,real.land,resell,,,78,48,4,Dynadot Inc,11/07/2019 11:41,11/07/2026 11:41
6c0cf2b7-e94b-46d9-bb98-2a6a3f56f55d,real.lease,resell,,,78,48,4,Dynadot Inc,15/09/2025 17:00,15/09/2026 17:00
718eb863-0200-407d-aad4-e9c97002ccff,real.legal,resell,,,78,48,4,"Sav.com, LLC - 21",25/01/2026 15:15,25/01/2027 15:15
18a588eb-c908-4ddc-b776-6ba54d00121d,real.lgbt,premium,650,650,78,48,4,namecheap,,
bb68a1f7-8601-428d-bab4-301da36374c7,real.lifestyle,premium,325,650,78,48,4,namecheap,,
c1b79938-bdc4-4238-b465-4da86ffaeb40,real.limited,premium,128.7,128.7,78,48,4,namecheap,,
8f92a888-fea4-4b2e-a54b-0705a066a862,real.limo,premium,,,78,48,4,,,
c7ea3bcd-591e-4352-b1a0-d9eff64af58f,real.living,premium,325,650,78,48,4,namecheap,,
9c0d3b60-d8c7-4f50-9c45-1aa3a44d16aa,real.loan,premium,13000,130,78,48,4,namecheap,,
e17b6794-3e03-471f-b053-55fccdbebef5,real.locker,premium,6500,58.5,78,48,4,namecheap,,
50231b67-4c28-40f4-bf86-6689c9863ca4,real.lol,premium,845,845,78,48,4,namecheap,,
e441df53-e117-48b2-b5e0-c96f80056fc2,real.love,premium,6500,13000,78,48,4,namecheap,,
b85f974b-cb60-4a30-91a2-d4bbcc89f85d,real.ltda,premium,66.3,66.3,78,48,4,namecheap,,
0b4221b0-80bb-4155-9d2f-0371b15d41a1,real.luxe,resell,,,78,48,4,"GoDaddy.com, LLC",22/01/2021 23:57,22/01/2027 23:57
f9ee1038-71dc-465b-9601-d29e995e5de1,real.maison,available,69.98,,78,48,4,namecheap,,
a45ba669-a5b4-4ecb-97c1-002041b541fb,real.makeup,premium,2600,15.73,78,48,4,namecheap,,
1e5c19e2-06cd-4a91-a213-a0ec9e3219c9,real.management,resell,,,78,48,4,"Spaceship, Inc.",13/10/2021 13:15,13/10/2026 13:15
6b26098d-55bb-4e20-a2ab-cfce013ba0c1,real.markets,resell,,,78,48,4,"NameCheap, Inc.",23/09/2025 15:16,23/09/2026 15:16
a07dd510-8736-4de7-bf3a-bfbf9c353fb1,real.mba,resell,,,78,48,4,"DNSPod, Inc.",15/02/2024 01:28,15/02/2027 01:28
28d81e72-0e66-4be3-b93a-d3e3290d9979,real.media,resell,,,78,48,4,Dynadot Inc,02/09/2021 17:00,02/09/2027 17:00
1c45de62-71b7-41e6-a7ed-8dcdbe2afa30,real.melbourne,premium,429.46,429.46,78,48,4,namecheap,,
e5aa1df6-2308-485b-852d-11d503b584eb,real.memorial,premium,85.8,85.8,78,48,4,namecheap,,
99ddbf47-0e7e-4f81-ae17-b2a73449817b,real.mobile,premium,1250,,78,48,4,name.com,,
2356a821-65d9-4e98-ace0-e45c78a9fcbb,real.moda,available,45.98,,78,48,4,namecheap,,
233db8b2-346f-462a-a8fc-06a109123005,real.moi,premium,625,,78,48,4,name.com,,
c1161c7c-a1c4-41d7-bede-3878de534811,real.monster,premium,650,15.73,78,48,4,namecheap,,
79627775-95d6-43cd-bd42-19344987d858,real.mortgage,premium,520,520,78,48,4,namecheap,,
b83e631f-c240-4f37-a174-9f2239490df9,real.motorcycles,premium,845,15.73,78,48,4,namecheap,,
c45557ca-d214-436f-9880-fe9d612605d2,real.mov,premium,1298.7,1298.7,78,48,4,namecheap,,
567495f0-468e-40d9-bd2d-870d439dcc0f,real.movie,available,446.98,,78,48,4,namecheap,,
36c3fc38-3159-44b0-97ec-078c8bf96c40,real.my,premium,486.86,695.51,78,48,4,namecheap,,
82eacdf1-470c-4be6-91b2-cb6c6ba99cdf,real.navy,available,45.98,,78,48,4,namecheap,,
8b1c4311-790b-43c1-b1cb-c60b5c953383,real.network,resell,,,78,48,4,Dynadot Inc,01/05/2020 23:19,01/05/2028 23:19
a3d4c1ce-1f73-469f-974c-7b9688df0e55,real.nexus,premium,1298.7,1298.7,78,48,4,namecheap,,
d20ce59b-4666-4e4a-bd33-261da3f5f189,real.ngo,premium,3250,1625,78,48,4,namecheap,,
c9e875e6-4c23-47f4-8e89-1a5d45708035,real.observer,premium,1040,1040,78,48,4,namecheap,,
129e98fb-a0fd-4090-a2d2-1a6c725ed6a6,real.ong,premium,3250,1625,78,48,4,namecheap,,
34551e5c-afe9-4a1c-8b1d-dda619c945ce,real.organic,resell,,,78,48,4,"Xiamen ChinaSource Internet Service Co., Ltd",05/07/2025 15:15,05/07/2026 15:15
4670e470-39b6-4f1a-8493-56fca2dbd3b7,real.osaka,available,41.98,,78,48,4,namecheap,,
98767089-3603-49a5-b836-3e792cc67c5e,real.paris,available,51.98,,78,48,4,namecheap,,
36054b57-8631-444f-9f84-ec29d1dc5b99,real.phd,premium,843.7,843.7,78,48,4,namecheap,,
5e938f58-a83e-42a8-b44e-718ab0440253,real.photography,resell,,,78,48,4,"Sav.com, LLC - 19",09/11/2025 15:15,09/11/2026 15:15
803256aa-504a-4e90-8803-f5b4e8783e0b,real.pizza,premium,,,78,48,4,,,
b9a91f65-8181-4a32-a413-6430e69ec7b5,real.plumbing,available,89.98,,78,48,4,namecheap,,
2f2f15a1-3d6e-4b34-a908-7a080ffa7394,real.plus,resell,,,78,48,4,"DNSPod, Inc.",16/09/2019 10:07,16/09/2026 10:07
41cbe4db-9c91-4fd0-a04c-182f53c32d9a,real.poker,resell,,,78,48,4,Dynadot Inc,11/05/2015 18:17,11/05/2032 18:17
40a98bdf-1e4b-46db-ba72-4c81ce180ac8,real.productions,available,50.98,,78,48,4,namecheap,,
e8b9b87f-1586-45f1-97cc-1f86290ebe8b,real.prof,premium,843.7,843.7,78,48,4,namecheap,,
78007502-073a-4d14-95c6-9c013579b628,real.property,resell,,,78,48,4,1API GmbH,18/03/2015 06:44,18/03/2027 06:44
3d70e426-83c5-4689-b747-1e3a5acc737d,real.protection,available,2950,,78,48,4,namecheap,,
41701572-bb3a-441c-b6ef-02774964656b,real.pub,resell,,,78,48,4,"DNSPod, Inc.",12/04/2024 15:16,12/04/2027 15:16
22cdd90a-31cd-429f-9e74-6d0a0104fe98,real.pw,premium,1300,1300,78,48,4,namecheap,,
271d940a-2b57-46f8-aa45-dece70d684d7,real.realty,premium,910,1300,78,48,4,namecheap,,
07e4157a-5d99-4186-9822-4e9daf16a528,real.recipes,resell,,,78,48,4,"GoDaddy.com, LLC",27/07/2025 05:11,27/07/2026 05:11
b8b7ce52-c1ca-4cde-9cc6-8c9b34a12707,real.rehab,premium,85.8,85.8,78,48,4,namecheap,,
56da9315-cf9d-4058-81ad-b54ae2588560,real.reise,available,127.98,,78,48,4,namecheap,,
8b0707e9-48c4-4f2c-a468-c2b14912da6b,real.reisen,premium,26,26,78,48,4,namecheap,,
5e40baea-8266-4097-b839-0a6d5800d7cb,real.republican,available,43.98,,78,48,4,namecheap,,
2fc31508-c292-4719-ac90-cdcaa0b7421f,real.rest,premium,585,1170,78,48,4,namecheap,,
55b91c30-7099-4f74-a6ff-464f88bc3933,real.rich,resell,,,78,48,4,Porkbun LLC,06/09/2025 05:47,06/09/2026 05:47
73c353e7-8595-45d9-ba82-43a84357899f,real.rodeo,premium,104,10.4,78,48,4,namecheap,,
e3f10c09-4487-46b8-866f-73309bd4a35a,real.rsvp,premium,648.7,648.7,78,48,4,namecheap,,
205a76e7-9505-4c38-9287-5a846dc50a98,real.run,resell,,,78,48,4,"Chengdu West Dimension Digital Technology Co., Ltd.",24/10/2016 17:34,24/10/2026 17:34
7637f49c-2ddd-474a-aa10-2b6f7d9beeaa,real.ryukyu,available,22.98,,78,48,4,namecheap,,
5f85740a-34fa-4296-9af3-a2712f4dc54e,real.sbs,premium,143.65,574.6,78,48,4,namecheap,,
f09bcf19-551b-4734-887a-c9a4b643030d,real.school,resell,,,78,48,4,Porkbun LLC,30/04/2020 08:26,30/04/2027 08:26
6cf39364-6d7d-44b4-a1ac-31e6be074c14,real.security,available,2950,,78,48,4,namecheap,,
2666e412-a980-4657-ae4e-60a98f19f0ea,real.shiksha,available,69.98,,78,48,4,namecheap,,
43486427-b582-445a-a3f7-b602ffc8c375,real.shoes,available,81.98,,78,48,4,namecheap,,
fa7d73d6-651a-44ea-8d37-4d126640f061,real.shopping,resell,,,78,48,4,"Chengdu West Dimension Digital Technology Co., Ltd.",11/02/2019 11:26,11/02/2027 11:26
fb28682e-8cdb-43a8-b080-e4f1b94ee6af,real.show,resell,,,78,48,4,"Chengdu West Dimension Digital Technology Co., Ltd.",17/10/2023 15:15,17/10/2026 15:15
93545b2c-819c-49c3-98b3-1a4737f216a0,real.skin,premium,2600,15.73,78,48,4,namecheap,,
56309aca-a5c5-4fad-a84f-dc70e2731b9a,real.soccer,resell,,,78,48,4,Dynadot Inc,14/02/2025 09:50,14/02/2027 09:50
a5b27a3b-c169-471d-9895-5b7d3f3e6572,real.software,premium,780,780,78,48,4,namecheap,,
bc4bf618-3df2-4c2e-9117-53fa8f2754ba,real.solar,premium,260,260,78,48,4,namecheap,,
0d7d86c4-6a2b-4f7c-89e9-2260a8615496,real.soy,premium,698.1,698.1,78,48,4,namecheap,,
6e1121bf-5f97-4540-8361-c7b9bc2c6040,real.spot,premium,1300,1300,78,48,4,namecheap,,
d929de58-5d5d-44cd-940a-a39bf4bf9e96,real.storage,available,858,,78,48,4,namecheap,,
a7f591b1-a16f-4979-9e5e-51b45e63d7ed,real.store,premium,781.25,3125,78,48,4,name.com,,
45c03539-f76a-4e2a-951f-89a94ceb8969,real.study,premium,130,130,78,48,4,namecheap,,
38938af3-6235-4588-9554-54280f5fe364,real.sucks,premium,2728.7,2728.7,78,48,4,namecheap,,
f63d3220-8746-497c-9c17-35b70fab8958,real.supplies,premium,42.9,42.9,78,48,4,namecheap,,
e00f2af3-c0ba-4905-9967-85661bc38f1c,real.supply,available,33.48,,78,48,4,namecheap,,
6e0e8f15-aff6-4b93-b64b-e99e4697a2fb,real.surgery,premium,85.8,85.8,78,48,4,namecheap,,
e3c1de26-84d3-49c6-b346-ee0c7c9e7ef3,real.sydney,premium,429.46,429.46,78,48,4,namecheap,,
a98cc914-a208-45c0-ac0c-4a94f8d743e7,real.systems,resell,,,78,48,4,Dynadot Inc,03/06/2022 13:15,03/06/2026 13:15
c22582c8-ce3d-4007-a740-b57e6ea774cf,real.talk,premium,1300,1300,78,48,4,namecheap,,
b0510605-ba06-49c3-bb2e-6fe6d1dd33cb,real.tattoo,resell,,,78,48,4,Porkbun,13/07/2025 08:23,13/07/2026 08:23
516b6147-c1f7-4b00-ae88-95b78229629c,real.tax,resell,,,78,48,4,"Xiamen ChinaSource Internet Service Co., Ltd",12/03/2021 17:12,12/03/2027 17:12
5de1d7fc-4dae-4799-9171-48110bcd814f,real.taxi,resell,,,78,48,4,Dynadot Inc,22/01/2026 17:00,22/01/2027 17:00
221920b8-e814-48fc-b1d8-1a993f86f7f2,real.team,resell,,,78,48,4,"Xiamen ChinaSource Internet Service Co., Ltd",18/10/2020 22:52,18/10/2027 22:52
b2df954f-2ecc-44ed-9025-36272bc21e83,real.technology,resell,,,78,48,4,"GoDaddy.com, LLC",05/10/2019 10:07,05/10/2026 10:07
c0f457bc-f567-45b8-b47e-c70a08457a92,real.theater,resell,,,78,48,4,Dynadot Inc,01/10/2025 17:05,01/10/2026 17:05
ea6a70b5-5ea3-455c-b262-98e5140d9ff0,real.theatre,available,620,,78,48,4,namecheap,,
af5378b9-f4f1-4253-81ca-3acce413bb71,real.tickets,available,568,,78,48,4,namecheap,,
cee9f172-56a1-4522-a95f-1279759ba785,real.tienda,resell,,,78,48,4,"Sav.com, LLC",01/10/2025 07:48,01/10/2026 07:48
8a573cc0-0d0e-4c85-b895-5e1c6f5c2e09,real.tires,premium,260,260,78,48,4,namecheap,,
d1ff1069-ad31-418f-ac73-f707d9ffb0a1,real.to,resell,,,78,48,4,NAMECHEAP,01/09/2023 09:50,29/03/2027 12:37
3fb7c7e2-19b4-4c81-a509-78942ae1a867,real.today,resell,,,78,48,4,"Xiamen ChinaSource Internet Service Co., Ltd",16/06/2018 16:16,16/06/2026 16:16
b102e2bd-ca94-41be-9ad6-995afb05c1fc,real.town,premium,85.8,85.8,78,48,4,namecheap,,
34aa88b0-93af-4446-b9be-46cb6129bf61,real.trading,premium,1250,,78,48,4,name.com,,
d9360aa0-b733-4fb1-b9bb-94a16f68c786,real.training,resell,,,78,48,4,"Global Domains International, Inc. DBA DomainCostClub.com",26/11/2025 15:15,26/11/2026 15:15
964f4f02-3ac7-4d6c-8d17-1b13b82510eb,real.uk,resell,,,78,48,4,"Dynadot, LLC t/a Dynadot",04/07/2019 13:00,04/07/2026 13:00
db8a80af-51e9-4e4d-92cc-c84d8c7d38da,real.uno,premium,325,325,78,48,4,namecheap,,
8d064d62-e0b0-4a99-9c38-6be72a7e57d8,real.vana,available,2498,,78,48,4,namecheap,,
756be294-0614-4c2c-86d5-d751d38724e3,real.viajes,available,57.98,,78,48,4,namecheap,,
daa2e903-ac32-44b7-a0dd-7561b35e0a65,real.villas,premium,520,520,78,48,4,namecheap,,
c91bc754-26bb-403f-b2b6-5c94c94f8d30,real.vin,premium,85.8,85.8,78,48,4,namecheap,,
1c66ff9a-aca1-44e5-beb8-b9c36f0a0160,real.vodka,premium,1040,31.2,78,48,4,namecheap,,
e070d3c1-151d-4720-85ff-5b061d5e76e1,real.voting,available,1448,,78,48,4,namecheap,,
b9f08a9f-80b7-4d05-a54c-05ab768c6950,real.voto,available,86.98,,78,48,4,namecheap,,
7e273dcc-b944-442e-9b89-48b8a1609f34,real.voyage,available,73.98,,78,48,4,namecheap,,
f0ed091d-988d-4ed5-b9f0-a2ce6395ae46,real.watch,resell,,,78,48,4,"Global Domains International, Inc. DBA DomainCostClub.com",26/05/2016 07:20,26/05/2027 07:20
668a0ff4-8de5-4a6a-ac55-e452453c25b1,real.webcam,premium,650,84.5,78,48,4,namecheap,,
0155b12b-623b-4f66-9f85-8cb55a4d59be,real.website,premium,1625,3250,78,48,4,namecheap,,
a5ea6891-2e0f-4892-a1bd-a63a88fa7eb3,real.win,resell,,,78,48,4,"Spaceship, Inc.",24/10/2019 14:24,24/10/2026 14:24
3b40ed32-2e8f-4d95-90b8-d5ecc52ff326,real.works,resell,,,78,48,4,Porkbun LLC,09/11/2016 08:58,09/11/2026 08:58
296fe20d-657d-40ba-957d-b712a552a3ee,real.xxx,premium,620,,78,48,4,name.com,,
e7417e52-6427-48cb-a90b-a170c414ffef,real.yachts,premium,845,15.73,78,48,4,namecheap,,
c955ffea-60d6-4d00-b128-95671ec3d71a,real.yoga,resell,,,78,48,4,"Sav.com, LLC - 3",12/11/2025 00:00,12/11/2026 00:00
5e976b79-1d75-4516-9929-2840d2c27cb1,real.zip,premium,1298.7,1298.7,78,48,4,namecheap,,
a7b216b5-4058-43d7-b90d-9924f8cf687e,real.zone,resell,,,78,48,4,"Chengdu West Dimension Digital Technology Co., Ltd.",24/12/2020 14:22,24/12/2026 14:22
350bb800-6772-42c4-ad2b-4f2648f99747,real.business,premium,128.7,128.7,78,37,4,namecheap,,
e9f28ccb-1c6a-4e8f-ae0e-7ed6df6fc0e4,real.capital,resell,,,78,37,4,Porkbun LLC,18/11/2016 08:05,18/11/2026 08:05
28c94680-b9f2-4ec8-a466-a298719283dc,real.careers,available,89.98,,78,37,4,namecheap,,
dcee29a0-3f33-4680-9053-21a24292eaf1,real.charity,available,37.98,,78,37,4,namecheap,,
163bbbe9-62cb-427f-a5e6-a077ee83f324,real.computer,premium,85.8,85.8,78,37,4,namecheap,,
a698494e-2d6d-4f15-b3ec-07c1bf34beda,real.date,premium,,,78,37,4,,,
514fd299-e3a3-4fdd-9a09-0570e0a3c007,real.download,premium,,,78,37,4,,,
f025527c-a677-4e0b-95ba-a7b4726d9e6b,real.education,resell,,,78,37,4,"Gabia, Inc.",27/07/2015 03:10,27/07/2026 03:10
2bb24aec-9f04-4e7e-964c-b0c9cacb9e57,real.enterprises,available,47.98,,78,37,4,namecheap,,
463b166d-3c4c-474f-99b0-bcfd07bc9cd3,real.faith,premium,,,78,37,4,,,
b54e0d1e-5f47-4a04-a7a6-eb84be40963e,real.fan,premium,,,78,37,4,,,
23f8e0bc-a75a-4d27-9bc5-e1c45e0560e7,real.fashion,premium,104,31.2,78,37,4,namecheap,,
ac5a69f8-ce0a-4c6a-b4f0-eb630dd5bbcb,real.flights,available,75.98,,78,37,4,namecheap,,
9172c16e-5114-408c-ac2f-9dab5c23c58a,real.giving,premium,,,78,37,4,,,
5917909d-b951-49d4-afab-f5364febed01,real.hiphop,premium,,,78,37,4,,,
72f757f5-fd48-4d7b-976a-4bc1b62e38fb,real.im,premium,,,78,37,4,,,
1cf98a8d-af25-4622-9811-fd2d7e3ae6cc,real.in,resell,,,78,37,4,Endurance Digital Domain Technology Private Limited,16/02/2005 06:37,16/02/2028 06:37
80c986d6-c958-4a21-b181-7201e42184ed,real.luxury,premium,,,78,37,4,,,
52c85871-f1dc-4166-ab30-fa6a953eb714,real.market,premium,,,78,37,4,,,
2fbbeb34-107d-479e-9117-b2c9dff1e542,real.music,premium,,,78,37,4,,,
f89d93ab-dca9-4dfc-abf6-b5108afcc784,real.ninja,premium,,,78,37,4,,,
0166505e-48f3-4898-82c7-300b5bd7914e,real.online,premium,1562.5,6250,78,37,4,name.com,,
69904167-3ed8-4980-8b05-026505485f8a,real.press,premium,650,1300,78,37,4,namecheap,,
12c3c1ec-2d25-4cb4-bdb4-881c34d3a951,real.pro,resell,,,78,37,4,"Spaceship, Inc.",05/02/2016 10:05,05/02/2026 10:05
cd43df93-0bdb-4b19-811f-5c714b5b36ca,real.promo,resell,,,78,37,4,Edomains LLC,08/12/2021 13:15,08/12/2026 13:15
f581c33a-e649-4dca-b1b1-5832dcb7e82e,real.properties,premium,,,78,37,4,,,
eccd07df-ab49-4e92-a3b0-63fd46c0bed8,real.qpon,premium,,,78,37,4,,,
ed87311d-8b9a-4a63-9731-5281aa3afc43,real.rent,premium,,,78,37,4,,,
fff9610b-912a-45c7-8c20-b015456d7b8d,real.science,premium,,,78,37,4,,,
6ff5cee1-d14b-419c-b82d-9babd8b4a92a,real.site,premium,781.25,3125,78,37,4,name.com,,
06840092-bdf6-4a5a-983a-26e60f0ec585,real.ski,premium,,,78,37,4,,,
64574c0a-f9c0-4f34-b5b2-96e79b91b07f,real.space,premium,,,78,37,4,,,
d81fc120-22c2-4607-8314-87cb592f7f44,real.support,resell,,,78,37,4,Dynadot Inc,15/06/2021 11:42,15/06/2026 11:42
8324c393-1a81-409f-9b26-53c1cc77739b,real.tennis,premium,260,260,78,37,4,namecheap,,
cda2b6b8-afe9-4b32-b5e7-57199421bd9c,real.vacations,available,49.98,,78,37,4,namecheap,,
b9bc8160-9679-44aa-b548-3cac2b8b59c4,real.you,premium,650,650,78,37,4,namecheap,,
72f0339e-1c3b-48ac-925a-1065f91fa70c,realestate.associates,premium,82.5,,77,42,11,name.com,,
80b24c60-7792-4147-9472-f7917cdac405,realestate.beauty,resell,,,77,42,11,"Spaceship, Inc.",14/02/2026 09:31,14/02/2027 23:59
43f22ae3-3a32-4c86-b7c2-17665f8cbd15,realestate.bet,resell,,,77,42,11,"Sav.com, LLC - 13",14/04/2024 17:00,14/04/2027 17:00
8d6d8ce0-33b1-45bf-b133-864f5f9b0e12,realestate.broker,premium,6250,,77,42,11,name.com,,
d6f9596a-2462-4d69-ae0c-cf85a19663b0,realestate.ceo,available,19.99,,77,42,11,name.com,,
c9254dea-5791-4eb3-a279-27d50997daea,realestate.channel,premium,623.75,,77,42,11,name.com,,
62b34ab2-a447-4e86-af8d-21403d3ed8ae,realestate.deals,resell,,,77,42,11,Porkbun LLC,09/12/2015 13:47,09/12/2026 13:47
8d0819c9-e6fa-40dc-ac14-0980cb1ee8af,realestate.desi,available,22.98,,77,42,11,namecheap,,
7607f5b4-9afc-42fb-aa9d-2aa1fac8acce,realestate.eco,premium,9375,,77,42,11,name.com,,
23b8a7c7-41e2-4e18-ad58-abdff6b9049d,realestate.forex,premium,1250,,77,42,11,name.com,,
80968f09-d301-4942-89a6-6c0ff7cf8b87,realestate.hamburg,resell,,,77,42,11,,13/02/2017 13:20,13/02/2027 13:20
dc834126-0039-41c5-82df-0d7a51ac4ebe,realestate.id,resell,,,77,42,11,PT Jagat Informasi Solusi (int),03/04/2019 00:10,03/04/2027 23:59
8062be53-a649-4ffe-b1da-21a4a38a487c,realestate.kiwi,premium,1101.8,,77,42,11,name.com,,
4e515c41-fdb1-4481-9c37-703b1d48339d,realestate.loans,resell,,,77,42,11,Porkbun LLC,19/11/2016 10:25,19/11/2026 10:25
cc28c283-561c-41a9-8920-f64c2ed284b2,realestate.makeup,available,1.99,,77,42,11,name.com,,
0827d7b6-3c57-4019-9255-43409bca9506,realestate.media,resell,,,77,42,11,Dynadot Inc,04/04/2018 23:19,04/04/2027 23:19
5a34b507-62ff-4bab-9722-92acf5e16e6d,realestate.mobile,premium,375,,77,42,11,name.com,,
14a3c05d-072f-4e4f-956f-da7fb446c4f9,realestate.moi,premium,250,,77,42,11,name.com,,
fb5b429f-e16f-437f-810d-7908b9662dc9,realestate.services,premium,560,1120,77,42,11,namecheap,,
96783bd7-04a7-4698-97f5-60e47b195062,realestate.sex,available,154.98,,77,42,11,namecheap,,
4e9c2323-e0ca-47db-9d4d-3854f6f8b00c,realestate.shop,premium,12500,,77,42,11,name.com,,
733eb413-6988-4f48-9b50-768428fb4e34,realestate.solutions,resell,,,77,42,11,Porkbun LLC,19/09/2021 17:00,19/09/2026 17:00
dacfa01d-a7c0-4274-9c34-3db2d7ccd8d0,realestate.trading,premium,1250,,77,42,11,name.com,,
94d64c43-f747-473f-a239-83f93422c098,realestate.academy,resell,,,,42,11,"GoDaddy.com, LLC",16/03/2014 17:09,16/03/2027 17:09
03429f1c-36c7-4583-aa7c-aff043fd313b,realestate.actor,available,54.98,,,42,11,namecheap,,
ffbe6deb-f3e4-4570-855c-f459063b930f,realestate.adult,available,166.98,,,42,11,namecheap,,
a83ff799-8b25-44c2-8129-6107570c8230,realestate.ai,resell,,,,42,11,Dynadot Inc,16/12/2017 02:36,17/11/2033 04:00
1692d558-0fee-4910-b34f-03315125570f,realestate.airforce,available,134.98,,,42,11,namecheap,,
7ae907a3-0574-48d0-b6d2-7ac103c75767,realestate.auto,available,2950,,,42,11,namecheap,,
58e9350c-d86c-4ffe-b0b6-ce74a220d855,realestate.autos,premium,845,15.73,,42,11,namecheap,,
444ef087-6f3c-4cfe-842c-5f6a1725c9d5,realestate.band,premium,39,39,,42,11,namecheap,,
5c27a5f4-a795-4f77-8cd1-4d037f5015c4,realestate.bar,premium,292.5,585,,42,11,namecheap,,
5cc85abb-bd82-4091-8f72-838d0b1aef38,realestate.bayern,premium,,,,42,11,,,
d8f5aeb7-9ad8-4785-a2c4-ee42ce00ec23,realestate.berlin,resell,,,,42,11,,11/07/2016 14:05,11/07/2027 14:05
c5c70390-0087-4f42-8a6b-67f6d4b51b82,realestate.bike,available,48.98,,,42,11,namecheap,,
cded615a-a75f-4a82-9b5e-06c1149f8c6a,realestate.bingo,available,68.98,,,42,11,namecheap,,
326030b2-0e27-4e81-a6a1-9c23908ffbbb,realestate.blackfriday,available,134.98,,,42,11,namecheap,,
c3be3bc7-d194-400e-b44d-d336f4335c50,realestate.blue,resell,,,,42,11,"Spaceship, Inc.",19/09/2019 10:13,19/09/2027 10:13
af10838c-93ef-4f39-bb74-37f067761510,realestate.boats,premium,845,15.73,,42,11,namecheap,,
724e2d6e-93b5-4987-aac4-9bc4a6c49163,realestate.boo,premium,648.7,648.7,,42,11,namecheap,,
eca3b3e0-f602-4b43-b1e7-cd1caa7b057a,realestate.bot,resell,,,,42,11,Porkbun LLC,30/10/2023 16:00,30/10/2026 16:00
f903f8a5-0776-4d7d-b6c1-9a2a525f06c4,realestate.build,premium,650,650,,42,11,namecheap,,
d985812d-a31e-4c86-84da-101a15f70b7d,realestate.buzz,resell,,,,42,11,"GoDaddy.com, LLC",22/05/2018 22:12,22/05/2026 22:12
588954c3-3a88-40ad-a8d0-cba5a5ee56af,realestate.bz,resell,,,,42,11,Dynadot Inc,21/02/2014 17:11,21/02/2027 17:11
fa2da233-cc84-4758-8c41-e91ba95ab71b,realestate.ca,resell,,,,42,11,CanSpace Solutions Inc.,25/09/2000 15:51,14/02/2027 05:00
c876d4bf-e9c5-42b4-86d8-d385c4694eb5,realestate.cab,available,41.98,,,42,11,namecheap,,
7be803dd-bbd9-4655-9a69-59b95e45f9f6,realestate.cafe,resell,,,,42,11,"Chengdu West Dimension Digital Technology Co., Ltd.",18/12/2019 18:46,18/12/2026 18:46
b11b437d-41c9-47a9-b506-6fdce4fab493,realestate.cam,resell,,,,42,11,Dynadot LLC,04/03/2023 22:09,04/03/2027 23:59
857ed39d-ddff-4717-8830-534c78093c8c,realestate.camera,premium,520,520,,42,11,namecheap,,
9c22d6b6-4185-4e9d-ba41-aa8744f98185,realestate.camp,premium,520,520,,42,11,namecheap,,
6cebc191-64a9-4176-a286-34d6edda17a4,realestate.car,available,2400,,,42,11,namecheap,,
7890f97b-55fb-49e9-b87b-8516eaa6cb12,realestate.care,premium,520,520,,42,11,namecheap,,
c15ffbde-d54e-439b-b0a6-2da996f97f1c,realestate.cars,available,2950,,,42,11,namecheap,,
71d05eec-ba88-443f-a2d0-b21329d9e284,realestate.casa,resell,,,,42,11,"GoDaddy.com, LLC",06/07/2022 18:16,06/07/2026 18:16
cd8894b0-85fa-4dbc-9f19-6cc88199db5c,realestate.catering,premium,85.8,85.8,,42,11,namecheap,,
663afe41-2668-458c-b9e5-9f70c7b2ab1b,realestate.cfd,premium,20.8,83.2,,42,11,namecheap,,
197a7972-815e-49a9-94b5-33a990e9665a,realestate.charity,available,37.98,,,42,11,namecheap,,
c01933b4-0a9a-4ee7-85d6-50b2748cadfa,realestate.city,resell,,,,42,11,"Spaceship, Inc.",21/10/2021 13:15,21/10/2026 13:15
55668909-0998-4a65-a039-67c04ef971c8,realestate.claims,premium,520,520,,42,11,namecheap,,
0a6117ae-547c-4ef0-905e-a2d24c227fc6,realestate.cleaning,premium,128.7,128.7,,42,11,namecheap,,
bc98b825-e908-4690-ae59-2a35313722cc,realestate.clinic,premium,128.7,128.7,,42,11,namecheap,,
027af504-6a54-41c5-a274-895d32f751ce,realestate.cloud,resell,,,,42,11,Synergy Wholesale Pty Ltd,23/02/2016 05:02,23/02/2027 05:02
302bf435-e797-42aa-bb6c-66ed9b699b54,realestate.club,resell,,,,42,11,"GoDaddy.com, LLC",19/07/2019 21:38,19/07/2027 21:38
2ae26c4d-84d4-4690-896d-9c199977a30d,realestate.co,resell,,,,42,11,Hello Internet Corp.,24/02/2010 23:31,23/02/2027 23:59
a33747de-ef9b-4d34-ae7c-c00257816a54,realestate.codes,premium,,,,42,11,,,
07d5ec6e-0e7e-42b7-bd7b-d26dbbcb76de,realestate.college,premium,650,650,,42,11,namecheap,,
64344411-c0ee-44ef-8faa-44a3d44cc979,realestate.community,resell,,,,42,11,"GoDaddy.com, LLC",19/06/2014 02:25,19/06/2026 02:25
7d67fe09-6a18-4881-bc74-5f0293c29f7d,realestate.company,resell,,,,42,11,"Name.com, Inc.",27/05/2021 13:16,27/05/2028 13:16
49036f18-a6d1-4abc-83e9-e33e09f88cb4,realestate.condos,premium,520,520,,42,11,namecheap,,
aad279c9-4161-4f08-a873-00e122e6926e,realestate.contractors,premium,85.8,85.8,,42,11,namecheap,,
376afe68-8a72-4341-a924-2acefe769713,realestate.cooking,available,33.98,,,42,11,namecheap,,
ae219071-b9c7-4a97-9b30-406cbfbdb7b2,realestate.cool,premium,520,520,,42,11,namecheap,,
70fb2dda-3aa7-48f5-b3a1-1e31ca96f9c5,realestate.country,available,2450,,,42,11,namecheap,,
03e54a59-a0e4-4a65-b914-5ea4d7475cee,realestate.creditcard,available,168.98,,,42,11,namecheap,,
1ad6c898-0b1e-46ab-9112-91dbf747456d,realestate.cricket,available,31.98,,,42,11,namecheap,,
c7512bc6-611e-4ff2-861e-2d1c08feb53e,realestate.cruises,available,68.98,,,42,11,namecheap,,
cdc68ece-21e4-441b-87e9-124b0f488d10,realestate.cv,resell,14.98,,,42,11,Porkbun,20/12/2025 14:46,20/12/2026 14:46
2fe20fd9-9f10-446d-9162-fe958179fd8a,realestate.cyou,resell,,,,42,11,Dynadot LLC,30/07/2025 15:56,30/07/2026 23:59
61434809-89a4-4254-899b-0e3aa7712ae1,realestate.dad,premium,648.7,648.7,,42,11,namecheap,,
2832df11-06bb-4ea2-b5e0-5a7f1f5154ee,realestate.date,resell,,,,42,11,Dynadot Inc,04/11/2025 19:00,04/11/2026 19:00
2e155b36-70cc-4b05-8a35-35edb62a2536,realestate.dating,available,86.98,,,42,11,namecheap,,
f1db525f-12df-4f1b-8674-87064a4268b3,realestate.day,premium,648.7,648.7,,42,11,namecheap,,
544b58f8-9958-476b-ad8f-c678aebe9157,realestate.deal,premium,650,650,,42,11,namecheap,,
b8add55b-6ef2-4a45-9b0d-4ae56b381988,realestate.dealer,available,2348,,,42,11,namecheap,,
ca52345d-ff3b-40b1-bf36-82690ec1a0de,realestate.degree,premium,78,78,,42,11,namecheap,,
b581d0d0-ab97-4e30-9e36-84d9731c9fab,realestate.democrat,available,41.48,,,42,11,namecheap,,
e9969488-e82c-400a-a726-cbff3d2016fd,realestate.dental,available,59.98,,,42,11,namecheap,,
7c707f65-c49c-453d-b627-07f1970828ee,realestate.dentist,premium,260,260,,42,11,namecheap,,
bd1b1185-3311-46cb-9374-524e3418133b,realestate.dev,premium,1623.75,1623.75,,42,11,name.com,,
669886d8-7430-4f7b-b8b6-c936c2e7fc7e,realestate.diet,premium,2600,2600,,42,11,namecheap,,
cb449039-9506-4206-86a1-78057e2f20a4,realestate.dog,premium,520,520,,42,11,namecheap,,
560c152c-362d-4f84-a0a0-3a3a89a36ac3,realestate.education,resell,,,,42,11,"GoDaddy.com, LLC",08/08/2018 23:39,08/08/2026 23:39
ae79c8fd-f661-4a7a-8da6-88b59d6c6e2d,realestate.engineer,premium,78,78,,42,11,namecheap,,
b1be9c46-3e99-4d31-9c11-59de7bd00d2f,realestate.enterprises,resell,,,,42,11,Porkbun LLC,03/01/2025 17:13,03/01/2027 17:13
dbb996f2-b203-40d0-a824-3790e672130a,realestate.equipment,available,32.98,,,42,11,namecheap,,
77cacc32-9416-4b50-9300-c10e41a38b67,realestate.estate,resell,,,,42,11,"Sav.com, LLC - 15",27/11/2025 15:15,27/11/2026 15:15
af4e2493-443f-4e20-b955-e844b9f0334d,realestate.exposed,premium,128.7,128.7,,42,11,namecheap,,
4e320b1a-9e6e-462f-91dd-b5672a847d3b,realestate.fail,premium,85.8,85.8,,42,11,namecheap,,
9e3787a4-1278-4de1-b491-fb4a3b8645dc,realestate.faith,available,16.98,,,42,11,namecheap,,
6c34b7b7-0a01-40ce-a640-f8d3d37f5cc0,realestate.family,premium,260,260,,42,11,namecheap,,
648b30a7-25e5-4fee-a2bd-d9f917ab9f8d,realestate.fan,premium,260,260,,42,11,namecheap,,
24d38712-a72d-434a-afd3-d4a45dbb5527,realestate.finance,resell,,,,42,11,"GoDaddy.com, LLC",20/07/2016 06:11,20/07/2026 06:11
338ab416-07c6-40c8-b99c-125cbc1d6a27,realestate.fishing,premium,52,52,,42,11,namecheap,,
1ad6c5fd-cb00-4c75-80fa-fe3a31b7be95,realestate.fit,premium,52,31.2,,42,11,namecheap,,
40b76c44-b3ca-4ad4-bf57-e8de89dbd38d,realestate.fitness,premium,42.9,42.9,,42,11,namecheap,,
18af1b1b-b42b-452e-9922-f307ab2a6510,realestate.flights,premium,128.7,128.7,,42,11,namecheap,,
095eb4d6-1e83-4c89-b0ec-577ad32fe40a,realestate.florist,available,41.98,,,42,11,namecheap,,
33521fc6-5f6c-42de-b337-8b00c820d8b8,realestate.flowers,available,159.98,,,42,11,namecheap,,
abbef294-d90b-4d39-8277-9a2c83b19027,realestate.foo,premium,648.7,648.7,,42,11,namecheap,,
ea5897ac-33e6-4318-aa0b-4bdd085d3d11,realestate.food,premium,650,1300,,42,11,namecheap,,
e49c32e3-122c-4b52-b906-e42cddb9cf1a,realestate.football,available,36.98,,,42,11,namecheap,,
303aeb22-41d6-44d1-bb3c-55b523914ad8,realestate.free,premium,130,130,,42,11,namecheap,,
2215bbaa-28ce-488c-8686-594736a74fe7,realestate.fun,premium,1625,6500,,42,11,namecheap,,
4adf33b3-dd2e-4345-ab77-0ca1fa64a5aa,realestate.furniture,premium,128.7,128.7,,42,11,namecheap,,
19fdce1e-5a8a-42dd-9d1d-ecd62e31551e,realestate.futbol,available,21.98,,,42,11,namecheap,,
bcd1bf06-09c0-4757-9f61-51d13054190a,realestate.garden,premium,,,,42,11,,,
8fd4eec7-bfa3-4089-972b-7e837114e25e,realestate.gay,premium,780,780,,42,11,namecheap,,
c43135f4-5556-4320-bbf3-b6ce7a162573,realestate.glass,premium,520,520,,42,11,namecheap,,
dc6b563f-9171-4b22-88f2-19dbe9032559,realestate.global,resell,,,,42,11,"Sav.com, LLC - 24",09/11/2024 15:16,09/11/2026 15:16
6246789b-0135-4060-9f27-40fc4109250d,realestate.golf,premium,260,260,,42,11,namecheap,,
6969c7d5-dcdb-4a4f-a51e-78fd666a68b9,realestate.gratis,available,31.98,,,42,11,namecheap,,
540cec18-174d-4bf0-948a-2c3ec6d8681b,realestate.green,resell,,,,42,11,"GoDaddy.com, LLC",08/08/2021 09:11,08/08/2026 09:11
51dbe408-4743-4093-94c1-605178851ba2,realestate.gripe,premium,42.9,42.9,,42,11,namecheap,,
93989d49-b501-4263-9c5a-2ed23c6bbcca,realestate.guitars,premium,2600,2600,,42,11,namecheap,,
9aa87fab-d19f-46ac-b1fb-040e4ae27e85,realestate.hair,available,19.98,,,42,11,namecheap,,
2a7e12ff-545c-4cc4-a577-754dc8ad7d6d,realestate.haus,resell,,,,42,11,"Global Domains International, Inc. DBA DomainCostClub.com",17/03/2016 15:09,17/03/2027 15:09
2fc4986c-f93c-4d7a-90eb-11fbe7c9ee6d,realestate.health,premium,1300,71.5,,42,11,namecheap,,
2501ff31-8bfc-4e7a-8efe-28ca1633701a,realestate.healthcare,available,111.98,,,42,11,namecheap,,
bed094c0-050c-4698-a477-59acf159bece,realestate.hiv,premium,,,,42,11,,,
a6e2ae99-d962-4229-ba24-957ebaa6fd0a,realestate.hockey,available,72.98,,,42,11,namecheap,,
5d76d4db-9d82-471e-a6ec-ce66571fc2a4,realestate.holiday,available,81.98,,,42,11,namecheap,,
fa6e8c2b-2535-46ee-b061-da21f61fa744,realestate.horse,premium,260,31.2,,42,11,namecheap,,
b917776c-98af-42e3-b2ec-e91b1c7e1af9,realestate.hospital,available,71.98,,,42,11,namecheap,,
4d3f6b8b-3cb5-4ab8-9444-66611c081ef7,realestate.hosting,premium,1690,1690,,42,11,namecheap,,
64204722-cd58-42ca-8509-9236989079e7,realestate.hot,resell,,,,42,11,"Dynadot, LLC",27/07/2025 13:23,27/07/2026 13:23
b8592295-8dab-4a1d-87d1-4e3a23d812f5,realestate.industries,premium,128.7,128.7,,42,11,namecheap,,
8dbb63cf-9904-4727-8536-ea9396e79766,realestate.irish,available,31.98,,,42,11,namecheap,,
eb17757c-71d5-4853-9b15-9922a1e7aee0,realestate.jetzt,available,30.48,,,42,11,namecheap,,
6ab31dfa-d4f8-4a5b-9cbe-6b3cb49150b3,realestate.jewelry,available,69.98,,,42,11,namecheap,,
d3705e1a-1589-49c1-a4a4-f134777fedc1,realestate.juegos,available,478.98,,,42,11,namecheap,,
7a2784fc-25de-4cea-a7c5-b3adc496a857,realestate.kaufen,premium,42.9,42.9,,42,11,namecheap,,
31f5665b-581c-4804-9aeb-f9f9f487a8a7,realestate.kim,premium,5200,5200,,42,11,namecheap,,
af9d55f4-2772-4ffc-8d2c-2c525e1b86ab,realestate.kitchen,available,83.98,,,42,11,namecheap,,
63f5bcf6-c4c5-44a2-8858-1ee7a7ce5cde,realestate.la,resell,,,,42,11,Uniregistrar Corp,20/11/2000 01:00,04/08/2026 23:59
58ab4d5b-07d9-4a5a-af33-474136871057,realestate.land,resell,,,,42,11,"Spaceship, Inc.",16/02/2014 19:48,16/02/2027 19:48
0e3f65fa-2ac0-462c-b6bf-858bc21fa75a,realestate.lgbt,premium,2600,2600,,42,11,namecheap,,
7efa581b-e92c-4b1c-8e62-d94e53091219,realestate.lifestyle,premium,650,1300,,42,11,namecheap,,
41267a95-cf11-4b18-81e7-9b281569a300,realestate.lighting,available,31.98,,,42,11,namecheap,,
9b6d7135-87ce-4fe5-8abc-ca5d37f7b476,realestate.limo,available,68.98,,,42,11,namecheap,,
d577f4aa-e8c5-4dce-ad7e-f1ceba92ba92,realestate.link,resell,,,,42,11,Porkbun LLC,06/03/2019 08:55,06/03/2027 08:55
94c25407-5106-46e0-860a-f958aa51666e,realestate.live,resell,,,,42,11,"GoDaddy.com, LLC",24/01/2021 15:03,24/01/2027 15:03
cbf7c3f3-97c0-4dd1-bf35-75637ad81995,realestate.living,premium,650,1300,,42,11,namecheap,,
fc22706e-1411-48fa-9e6f-6a2ed3c948f3,realestate.loan,premium,3250,130,,42,11,namecheap,,
6c5ecfd3-eaf6-4873-b4ad-171debbe2fb4,realestate.locker,premium,1300,58.5,,42,11,namecheap,,
9c22acbc-606c-463d-83e2-1dcba923d26c,realestate.ltda,premium,66.3,66.3,,42,11,namecheap,,
7bc22858-66c3-4b50-9d53-0fc15010d46d,realestate.maison,premium,128.7,128.7,,42,11,namecheap,,
c835886d-10cb-428f-8fa4-560783d5aae7,realestate.marketing,resell,,,,42,11,"Spaceship, Inc.",24/06/2020 13:24,24/06/2026 13:24
d974e3ee-430e-45d4-97d0-951c31418dd8,realestate.melbourne,premium,8667.89,8667.89,,42,11,namecheap,,
c61f8710-cf29-4192-8ab8-ab219e0d0d27,realestate.meme,premium,845,845,,42,11,namecheap,,
cc9eea4e-baee-496d-a084-016e2fce3744,realestate.memorial,available,64.98,,,42,11,namecheap,,
c0e166c3-2b7d-498e-8600-7e7ef3091f09,realestate.mobi,resell,,,,42,11,"Go China Domains, LLC",28/07/2013 03:25,28/07/2026 03:25
8c370005-6b64-45c4-8873-5eb25a5bbe27,realestate.moda,available,45.98,,,42,11,namecheap,,
a6521336-bdd4-4ce5-b449-a8f7d0fdb5bc,realestate.moe,premium,104,15.6,,42,11,namecheap,,
709ab452-4ce1-43f0-ae3d-20296a2dcb01,realestate.mom,premium,2600,2600,,42,11,namecheap,,
ae1e8f86-61d8-44b5-b314-c1d061ff0f4d,realestate.motorcycles,premium,845,15.73,,42,11,namecheap,,
9c43e1fb-24e4-45c8-9d94-2682f89b5964,realestate.mov,premium,648.7,648.7,,42,11,namecheap,,
126afcea-d87b-4a28-a03a-b10fc98d3aa5,realestate.mx,resell,,,,42,11,Registrar.eu,01/10/2018 00:00,01/10/2026 00:00
1661b777-44b6-42c9-b9ea-88a52acacf0b,realestate.navy,premium,260,260,,42,11,namecheap,,
242fe48c-7ccf-49e9-a523-9852866943e4,realestate.network,resell,,,,42,11,"GoDaddy.com, LLC",08/12/2014 18:42,08/12/2026 18:42
edbc02a7-f241-427f-ad68-c1d7d4c3407a,realestate.news,premium,,,,42,11,,,
2e14c42a-b636-458d-81cc-2ca1ab799b59,realestate.nexus,premium,648.7,648.7,,42,11,namecheap,,
358e0f27-8027-4097-8146-8304a633031f,realestate.ngo,available,24.98,,,42,11,namecheap,,
a288dd83-98f9-4564-ba8c-0270fe80aa1b,realestate.nyc,resell,,,,42,11,"GoDaddy.com, LLC",26/08/2016 20:41,02/11/2026 23:59
c1d6baa8-12de-4f24-a34a-e3c68b1ef868,realestate.observer,premium,11700,11700,,42,11,namecheap,,
9a6d33db-0189-466e-96c6-8a2594c504f4,realestate.ong,available,24.98,,,42,11,namecheap,,
595ee7f7-e028-4bac-9641-3dc964c64e6d,realestate.online,premium,7812.5,31250,,42,11,name.com,,
1b36961f-f6c6-4608-84d7-5d1fd6df71e5,realestate.organic,premium,,,,42,11,,,
c7173944-a6c9-4615-9193-8dad192fb50d,realestate.party,resell,,,,42,11,Porkbun,19/07/2025 10:47,19/07/2026 10:47
9dcbf24e-5277-483e-99ea-5557e1abb6b9,realestate.pet,resell,,,,42,11,IONOS SE,16/09/2024 10:32,16/09/2026 10:32
f20b913f-37d0-45f2-9de3-a8187d29a0a2,realestate.phd,premium,843.7,843.7,,42,11,namecheap,,
b9d9d31f-03ac-49b7-a309-7673c0d692a2,realestate.pictures,resell,,,,42,11,"GoDaddy.com, LLC",10/06/2022 15:46,10/06/2026 15:46
a077fa25-0a81-4d5d-9ccf-b5f6d081df87,realestate.pink,premium,,,,42,11,,,
c6644d95-ab9f-4dd2-aa3f-313f4dd6eb8a,realestate.plumbing,premium,520,520,,42,11,namecheap,,
aa6fc311-78d2-4153-9bc1-94c8ca6c1795,realestate.plus,resell,,,,42,11,"DNSPod, Inc.",15/09/2023 15:15,15/09/2026 15:15
0c0f1a23-76cb-44f6-ba0e-5b9958f34c4b,realestate.productions,premium,128.7,128.7,,42,11,namecheap,,
9498e8c3-bbe6-40e9-b7cf-affa6e7b0e0e,realestate.prof,premium,843.7,843.7,,42,11,namecheap,,
c36eac0e-a979-4438-8ae0-5a264fe90a48,realestate.protection,available,2950,,,42,11,namecheap,,
095a700a-d864-49d9-97a1-3a96ef7b80b5,realestate.pub,available,51.98,,,42,11,namecheap,,
20f5c014-1e24-4964-92de-c46fde12ee83,realestate.pw,premium,1300,1300,,42,11,namecheap,,
49e87ff9-2b52-4ab3-af9d-29494d5c234d,realestate.quest,premium,845,15.73,,42,11,namecheap,,
896da391-f746-4eaa-810b-91f373beda35,realestate.racing,available,16.98,,,42,11,namecheap,,
965eba4e-0e74-494f-a90f-e207bd14745c,realestate.realty,premium,8190,11700,,42,11,namecheap,,
17819fc1-9a9f-41f9-9049-790cc0570e0f,realestate.recipes,available,95.98,,,42,11,namecheap,,
6c08c3e8-511d-45d3-a82b-69f95cd446ac,realestate.red,resell,,,,42,11,"Spaceship, Inc.",19/09/2020 14:30,19/09/2026 14:30
0309ff67-aad2-4f6e-9996-7ccf554634fa,realestate.rehab,premium,1300,1300,,42,11,namecheap,,
919d643b-260e-40dd-907e-6fcd6adae46e,realestate.reise,available,127.98,,,42,11,namecheap,,
e1eb41b5-fa10-42e4-b274-c1fc664f0278,realestate.reisen,available,28.98,,,42,11,namecheap,,
f494f005-f054-47f4-b110-2d04365706f6,realestate.republican,available,43.98,,,42,11,namecheap,,
4662579d-fd3f-4078-b018-97d5e7195e56,realestate.rest,premium,292.5,585,,42,11,namecheap,,
52b7cc76-1328-40fe-9a8d-47ae9adf5d6d,realestate.restaurant,available,81.98,,,42,11,namecheap,,
1a4d1ab4-0ba4-475a-9a8e-d508c875b6b5,realestate.review,premium,6500,130,,42,11,namecheap,,
3a2c70e6-f087-49db-be21-43ddf7299edd,realestate.rsvp,premium,648.7,648.7,,42,11,namecheap,,
3331a858-d2df-456f-9be9-e23f8dd72355,realestate.run,resell,,,,42,11,"DNSPod, Inc.",24/11/2019 09:05,24/11/2026 09:05
a3544175-b328-4430-9cdb-e894de01f510,realestate.sarl,premium,42.9,42.9,,42,11,namecheap,,
0c6771a1-0bfc-4d69-bd65-62a7071162b8,realestate.school,resell,,,,42,11,"GoDaddy.com, LLC",30/05/2015 16:00,30/05/2027 16:00
7b93346c-36b0-43ce-8a9f-7be576572b55,realestate.schule,available,32.98,,,42,11,namecheap,,
e24a6156-5b5e-474e-b8dd-4f709db50541,realestate.security,available,2950,,,42,11,namecheap,,
806ac75a-ea9f-44be-b12f-839d7ed70a8f,realestate.sexy,available,3298,,,42,11,namecheap,,
28e9094b-74b9-4237-bf7c-ca085021130b,realestate.shiksha,premium,2600,2600,,42,11,namecheap,,
bfc48bd7-5dde-49a4-9bb2-39ffb042481c,realestate.shoes,available,81.98,,,42,11,namecheap,,
76c08e5e-ee83-4091-ad29-e46333ad0286,realestate.shopping,premium,520,520,,42,11,namecheap,,
41007c38-4f4c-4c3d-a578-1d584ec40b08,realestate.site,premium,3125,12500,,42,11,name.com,,
3dbde2d4-39bf-4327-b89f-ffcd67773abc,realestate.ski,premium,135.2,135.2,,42,11,namecheap,,
e6a801cd-0c4e-4a68-9240-73b51efa69e8,realestate.soccer,available,29.48,,,42,11,namecheap,,
22aeb66a-9914-4026-8805-de3a3e2bcc4d,realestate.social,resell,,,,42,11,"Spaceship, Inc.",09/11/2023 15:15,09/11/2026 15:15
548a3bd0-b82a-451d-a50b-0d496c827edd,realestate.soy,premium,698.1,698.1,,42,11,namecheap,,
1d01bfe3-ebb3-4a2d-9a15-c64133569cb9,realestate.space,premium,1625,6500,,42,11,namecheap,,
3f5eab95-3c85-41e5-9ea0-25480be09379,realestate.spot,premium,650,650,,42,11,namecheap,,
e79c534f-28f7-4d24-99dc-0d629c25b41e,realestate.srl,premium,,,,42,11,,,
b3b0564c-0140-4013-b71f-1da0e0161531,realestate.storage,available,858,,,42,11,namecheap,,
e911211a-b408-411f-b707-518519931be7,realestate.store,premium,781.25,3125,,42,11,name.com,,
ecac6eea-4035-4830-adbb-50c735ca8fad,realestate.study,premium,650,650,,42,11,namecheap,,
07dbd8ab-45dd-42c2-8a15-641d59c678af,realestate.sucks,premium,13650,13650,,42,11,namecheap,,
3e987129-9371-4296-ae0d-8bf1762eabce,realestate.supply,premium,85.8,85.8,,42,11,namecheap,,
3bb23ddc-7f05-4690-a42e-d840e342206e,realestate.surgery,premium,128.7,128.7,,42,11,namecheap,,
b4ec9cc7-ebdd-492a-a5e8-7ee67bb22254,realestate.sydney,premium,8667.89,8667.89,,42,11,namecheap,,
a048fa01-f5e2-4552-aa83-43c6155bc806,realestate.tattoo,available,48.98,,,42,11,namecheap,,
790339a4-fa9f-4eaa-9745-33ff881906e5,realestate.tax,resell,,,,42,11,"GoDaddy.com, LLC",26/02/2017 12:30,26/02/2027 12:30
89239200-f54e-46e5-9101-87d29275aed7,realestate.taxi,available,69.98,,,42,11,namecheap,,
208f1319-86ea-4197-ac3e-911f950f57b0,realestate.tennis,available,81.98,,,42,11,namecheap,,
f098f97e-26de-4dfe-8fbb-0ae82186835f,realestate.theater,available,80.98,,,42,11,namecheap,,
2388062e-6e61-4f40-9184-47b7059a50a3,realestate.theatre,available,620,,,42,11,namecheap,,
624cf62d-f533-4083-80dd-a787adf7bb13,realestate.tickets,premium,1950,1950,,42,11,namecheap,,
2ec581a3-e643-4048-8658-c97813e8c5bf,realestate.tienda,available,74.98,,,42,11,namecheap,,
cb3ad74c-9847-4f05-b458-3cf8380bf599,realestate.tips,resell,,,,42,11,"NameCheap, Inc.",04/08/2025 15:15,04/08/2026 15:15
82fc5cbb-f3d9-4c74-a633-1bdc149be698,realestate.tires,available,110.98,,,42,11,namecheap,,
1825558f-8fd1-4861-a106-cac4153a1d9c,realestate.top,resell,,,,42,11,阿里云计算有限公司,17/11/2014 16:09,17/11/2026 16:09
23912f53-1239-4776-b1c1-78302bedc6f4,realestate.travel,available,186.98,,,42,11,namecheap,,
4836d030-9246-4c43-a92e-4df8055e60f8,realestate.uno,premium,3250,3250,,42,11,namecheap,,
b59e798a-e1aa-4b0e-9578-ae1ecc24f05f,realestate.vacations,premium,260,260,,42,11,namecheap,,
29021e3c-4282-406f-835d-8c7823166a80,realestate.vana,available,2498,,,42,11,namecheap,,
17efa2b0-6e8f-4ed2-b96e-46a86ffd1e38,realestate.vc,resell,,,,42,11,www.Names.plus,01/12/2021 01:08,01/12/2026 01:08
5d4d4485-f678-4732-82fd-c301b1d06572,realestate.vet,premium,128.7,128.7,,42,11,namecheap,,
1f0a855c-87c2-4836-abe2-7c4da23010d2,realestate.viajes,available,57.98,,,42,11,namecheap,,
253199f9-f26f-455a-af2b-ab818652cb21,realestate.video,premium,3250,3250,,42,11,namecheap,,
6064e490-f317-4d0e-b1f3-d4829a89e687,realestate.villas,premium,,,,42,11,,,
a5e695fb-7b6b-4eea-8379-717ff7be8bdb,realestate.vin,available,75.98,,,42,11,namecheap,,
0f31a584-2fc0-4bb1-a7d3-7d9c0b59390e,realestate.vip,resell,,,,42,11,Dynadot Inc,01/12/2021 11:02,01/12/2026 11:02
d3a99451-25df-4220-a999-0ab9440fa695,realestate.vodka,available,38.98,,,42,11,namecheap,,
6dd900ea-6ccc-473d-8f0f-b08a6ca6b208,realestate.vote,available,119.98,,,42,11,namecheap,,
ed36a509-0480-40b8-80ca-4e85396e4e7f,realestate.voting,available,1448,,,42,11,namecheap,,
27413cb6-41e2-46a9-8508-1163bd9023d2,realestate.voto,available,86.98,,,42,11,namecheap,,
6b6e745a-ccad-4ed4-9dd0-8ec49db8ea18,realestate.voyage,available,73.98,,,42,11,namecheap,,
1580900b-0232-412c-a63c-60807b6a6de0,realestate.watch,premium,520,520,,42,11,namecheap,,
e290c4d7-ec26-464d-a6b3-8123bb126ca6,realestate.webcam,available,17.98,,,42,11,namecheap,,
4f59c4f5-a4d9-4d4d-8839-4edbf9538ccb,realestate.wedding,available,41.98,,,42,11,namecheap,,
c3fddb5e-b34c-4d21-9488-d005b4dd867b,realestate.yachts,premium,845,15.73,,42,11,namecheap,,
8e020f4c-2788-4694-9f8e-ccbf8788cb9b,realestate.yoga,available,42.98,,,42,11,namecheap,,
8b37beac-f3a9-455d-914f-ff1a6c49027b,realestate.you,premium,130,130,,42,11,namecheap,,
c86e9a54-6c45-44ce-ae0f-552774be2d62,realestate.zip,premium,648.7,648.7,,42,11,namecheap,,
2f0e3ff7-c32e-4001-b07b-96251ef327f1,realestate.accountant,premium,,,,40,11,,,
cd8302dc-313a-41d4-924d-194f314c2784,realestate.at,premium,,,,40,11,,,
e3d87443-17ae-4c79-b7c8-75a1a32fd803,realestate.baby,resell,,,,40,11,Dynadot LLC,19/03/2025 15:13,19/03/2026 23:59
614545e6-f2ed-460c-bb98-bf7f818fc2f9,realestate.blog,premium,1625,6500,,40,11,namecheap,,
6a2cecae-272d-43ba-9f96-b599672274f6,realestate.careers,premium,260,260,,40,11,namecheap,,
f46e60db-234b-4a18-b34c-fa451752db4d,realestate.coffee,available,47.98,,,40,11,namecheap,,
5f349994-0d71-4556-9ef6-f09bef3ecd42,realestate.consulting,premium,,,,40,11,,,
bfc452e6-fc2d-4cae-8fa1-d45261940e24,realestate.courses,premium,650,650,,40,11,namecheap,,
b0fdc6db-8034-4005-82cd-7c6be357acb2,realestate.dance,available,36.98,,,40,11,namecheap,,
d93bac3b-0ede-4d24-a9b3-2967bb41da84,realestate.diy,premium,650,1300,,40,11,namecheap,,
5c599591-1774-4f10-a37b-f723477de305,realestate.fans,resell,,,,40,11,"Spaceship, Inc.",20/03/2025 13:06,20/03/2026 23:59
b29fcb71-5c45-4928-8c98-b40e3d15eba0,realestate.film,available,97.98,,,40,11,namecheap,,
d418a53e-def6-457a-a5da-29243d65e348,realestate.gg,resell,,,,40,11,Sav.com LLC (https://www.sav.com),,
4c4cb287-fe9e-4eac-bb92-17cc063739aa,realestate.giving,premium,,,,40,11,,,
a622d55a-ce1c-49fe-a6cf-50d6b03c0347,realestate.guru,resell,,,,40,11,"GoDaddy.com, LLC",28/01/2014 01:06,28/01/2026 01:06
1d9ed83b-bdda-41aa-8f10-cfc123951e38,realestate.hiphop,available,33.98,,,40,11,namecheap,,
208e57bd-a951-4dcd-98da-fba65f19abe1,realestate.homes,resell,,,,40,11,"Global Domains International, Inc.",20/09/2019 14:54,20/09/2026 23:59
64dd5aa8-997d-4587-a880-6041e004c5af,realestate.icu,resell,,,,40,11,"Global Domains International, Inc.",26/03/2022 15:17,26/03/2026 23:59
7b89b847-42fe-4f18-9907-7a37f96b81fc,realestate.im,premium,,,,40,11,,,
dc7f2117-c2b9-44b0-93e9-909a9266feac,realestate.institute,resell,,,,40,11,Porkbun LLC,18/03/2025 19:10,18/03/2026 19:10
56c77a51-440c-4766-90f8-dcbe20e95abd,realestate.lat,resell,,,,40,11,"Spaceship, Inc.",02/09/2025 12:42,02/09/2026 23:59
acfdebf7-5f18-48c4-a156-9c214c4930b6,realestate.market,premium,,,,40,11,,,
4edd1a81-70db-4c0c-8dc5-3907ca68481a,realestate.menu,premium,,,,40,11,,,
4c186e15-734e-4f96-b318-b6baf5b42eca,realestate.mortgage,premium,,,,40,11,,,
c6820faf-36a1-4cfc-8113-e4133cbe2284,realestate.music,premium,,,,40,11,,,
4115ea1e-c39e-4ec9-93fb-8b4311b96b02,realestate.osaka,premium,,,,40,11,,,
5f15eddc-69ea-4ffe-abad-e802a9aeda72,realestate.qpon,premium,,,,40,11,,,
f0062673-5547-4534-8931-377709ec2199,realestate.rodeo,premium,260,10.4,,40,11,namecheap,,
c9e25388-243d-484c-a730-6094f35653a8,realestate.sale,premium,,,,40,11,,,
6b024a2e-e508-43f1-92ba-3f95cd8dcc13,realestate.sh,premium,,,,40,11,,,
e431bc86-74a3-4757-8ac0-8e558ab57bd7,realestate.skin,available,19.98,,,40,11,namecheap,,
b7ef832b-2756-42a1-b757-5f096f4f2bbf,realestate.software,premium,,,,40,11,,,
748da186-2c21-4f4f-b13a-d21dbadb77a1,realestate.tech,premium,,,,40,11,,,
ce21d5cc-c8df-4428-9f39-d0dc172a9fe3,realestate.ventures,resell,,,,40,11,"GoDaddy.com, LLC",28/01/2014 00:59,28/01/2026 00:59
87faae6d-44e6-4451-a7c7-6255762cb5b9,realestate.vision,premium,128.7,128.7,,40,11,namecheap,,
5b9e3e78-efe9-4697-9e7c-33361a008ca3,realestate.world,resell,,,,40,11,"Global Domains International, Inc. DBA DomainCostClub.com",10/04/2025 15:15,10/04/2026 15:15
e3fc5051-22c9-4bc7-9ef9-efc440f5bef7,land.agency,resell,,,62,36,4,"Sav.com, LLC - 21",29/07/2025 15:15,29/07/2026 15:15
e04fa323-20c1-4f4c-a44d-b066bdcb1c62,land.bot,resell,,,62,36,4,"Dynadot, LLC",30/10/2023 16:00,30/10/2026 16:00
2111b645-5260-4a20-8c6e-bf8c139ecdae,land.dance,available,36.98,,62,36,4,namecheap,,
9621ac4a-40fd-4e52-8b85-bd575847ee72,land.deal,premium,650,650,62,36,4,namecheap,,
294b1fa3-1005-4111-8665-99be48a8238a,land.desi,available,22.98,,62,36,4,namecheap,,
919ecc3a-41cb-4600-81ee-ecfe18086621,land.free,premium,1300,1300,62,36,4,namecheap,,
3fb32f7c-f0d4-4caf-a8e2-ff54bea125aa,land.hot,premium,1300,1300,62,36,4,namecheap,,
9969a720-492d-4531-bef1-3462ba55a635,land.moi,available,39.99,,62,36,4,name.com,,
d307ed06-aee3-4608-bd30-65a9a0b5e248,land.spot,premium,1300,1300,62,36,4,namecheap,,
0f697be0-8cff-4f6e-8d65-ea96b2577d47,land.talk,premium,,,62,36,4,,,
3f02b45f-ed47-47e7-9f6b-54cfe2da1b87,land.ac,resell,,,62,35,4,1API GmbH,29/07/2016 15:05,29/07/2026 15:05
04e8a876-c697-4994-b1cc-08c1131fc514,land.accountant,premium,650,84.5,62,35,4,namecheap,,
b2a90c1e-2129-4646-98d4-ea3f072bb6aa,land.actor,available,54.98,,62,35,4,namecheap,,
d618aa83-429f-4a8e-80a7-2095b84be29a,land.airforce,available,134.98,,62,35,4,namecheap,,
19b277c8-0462-4daf-a2f3-92431df5599a,land.apartments,premium,,,62,35,4,,,
6f906d08-b1ce-4bbf-bd50-2ecb7ba01ff3,land.art,premium,2600,91,62,35,4,namecheap,,
26dbf574-8166-4d27-a482-2197851ac446,land.asia,resell,,,62,35,4,"GoDaddy.com, LLC",19/08/2008 05:04,19/08/2027 05:04
ac86392d-a1f2-4a18-b0dd-72b10787ee49,land.attorney,premium,1300,1300,62,35,4,namecheap,,
66812533-3385-4324-a02d-e2edfc54ac49,land.audio,available,159.98,,62,35,4,namecheap,,
f45e234f-cbcb-4293-994a-ec7ca70108fd,land.auto,available,2950,,62,35,4,namecheap,,
bfca7f4c-002b-4824-95f4-eb1aea3e0fac,land.autos,premium,845,15.73,62,35,4,namecheap,,
ac8e59b3-dccd-45c1-b535-7032fbf25144,land.bar,premium,292.5,585,62,35,4,namecheap,,
f70fee75-ba8e-4030-bcf4-7063ab7f5f85,land.barcelona,available,38.98,,62,35,4,namecheap,,
12b439ca-32b1-4eaf-adde-04aefddc4d70,land.bargains,premium,260,260,62,35,4,namecheap,,
122c31f8-3edc-4051-9977-861205387934,land.beauty,premium,845,845,62,35,4,namecheap,,
aad5dc0c-075b-4dad-97d4-c5cc845c5eb7,land.beer,resell,,,62,35,4,"Spaceship, Inc.",24/07/2025 11:30,24/07/2026 11:30
d0c3f558-3db1-4af3-8730-1402e1b1e495,land.best,premium,91,91,62,35,4,namecheap,,
255671fc-6030-4fae-ad32-43abfd83f830,land.bet,resell,,,62,35,4,"Sav.com, LLC - 3",12/01/2026 15:15,12/01/2027 15:15
59647932-7885-478f-8cdf-f5126179b4c5,land.bid,resell,,,62,35,4,Sav.com LLC,14/02/2019 03:14,14/02/2027 03:14
60590df2-ceec-45e1-aeb4-a601696cbf20,land.bingo,available,68.98,,62,35,4,namecheap,,
263c61ce-51de-4ae5-922c-0c63c32195ba,land.bio,resell,,,62,35,4,"Sav.com, LLC - 27",18/06/2025 15:15,18/06/2026 15:15
388e2a42-861e-403d-aa87-d246e62f6980,land.biz,resell,316250,29.99,62,35,4,"Spaceship, Inc.",27/03/2002 01:47,26/03/2027 23:59
2100c3d3-d014-4f6a-84e0-9063c11a7dc6,land.black,resell,,,62,35,4,"Sav.com, LLC - 40",13/01/2026 15:15,13/01/2027 15:15
d9913284-cb08-4159-b0e3-37c8ab8edd9d,land.blackfriday,available,134.98,,62,35,4,namecheap,,
364c4acb-6ba3-4dd4-acf6-fa42c16d8de5,land.blog,premium,650,2600,62,35,4,namecheap,,
34bd0eeb-5e53-4919-b6c8-a8327fbb425f,land.boats,premium,845,15.73,62,35,4,namecheap,,
12df73d2-bf77-4154-9fdc-4d778f3597c3,land.boo,premium,648.7,648.7,62,35,4,namecheap,,
8189f05d-8caa-4051-a214-9e69274c8215,land.boston,resell,,,62,35,4,"Global Domains International, Inc. DBA DomainCostClub.com",04/06/2021 12:41,04/06/2026 12:41
b3bef7a4-d1e6-4163-a025-d5e18542815b,land.boutique,resell,,,62,35,4,"Spaceship, Inc.",27/03/2026 19:08,27/03/2027 19:08
29fb0839-a41c-4a3a-be65-037ed6fd762f,land.broker,premium,6250,,62,35,4,name.com,,
00c70503-3705-46ed-8e1d-3cb2ede559f9,land.builders,resell,,,62,35,4,"Sav.com, LLC - 5",12/11/2025 15:15,12/11/2026 15:15
3d1fa918-691b-4991-b151-66eba2e3ba39,land.buzz,premium,,,62,35,4,,,
c7ce7ed9-6238-4444-b0d5-7dde1d5c4cee,land.bz,resell,,,62,35,4,"GoDaddy.com, LLC",08/07/2013 19:50,08/07/2026 19:50
f5d43fa6-1b98-4199-a364-b6ab135a3aa8,land.cab,available,41.98,,62,35,4,namecheap,,
4ad074f0-e453-43e9-b9fd-e1a2c2b53dfe,land.cam,premium,520,18.2,62,35,4,namecheap,,
a9a2095c-2220-4286-8214-1ff8294b7b13,land.camera,premium,520,520,62,35,4,namecheap,,
533aa9bf-4bba-4d9f-b351-18a822cb76b6,land.car,available,2400,,62,35,4,namecheap,,
1989d438-afb0-46b2-93b8-4b6196c792f3,land.cards,premium,42.9,42.9,62,35,4,namecheap,,
0e7d3ed2-a67b-4e57-8860-4aec13ceb9a0,land.careers,premium,520,520,62,35,4,namecheap,,
30d11914-9056-44bd-b783-cf4779156a3c,land.cars,available,2950,,62,35,4,namecheap,,
26d11ec5-343f-450b-804a-837e009b221d,land.casino,resell,,,62,35,4,Dynadot Inc,03/02/2026 17:00,03/02/2027 17:00
0e06ae0e-9451-478d-9ab3-82839acdb667,land.catering,premium,260,260,62,35,4,namecheap,,
782d7c96-c43e-4476-acc9-bad3a0101448,land.cc,resell,,,62,35,4,"GoDaddy.com, LLC",15/08/2005 18:45,15/08/2026 18:45
8f7a8393-713c-44e0-9e4e-82a1e6b1a5ad,land.ceo,resell,,,62,35,4,Dynadot LLC,09/02/2026 08:04,09/02/2027 23:59
236af817-0295-45d0-a27e-6bb26bcdac32,land.cfd,premium,10.4,41.6,62,35,4,namecheap,,
9563821b-9564-4145-ab6e-21eb6b0c24b3,land.channel,premium,623.75,,62,35,4,name.com,,
0916de57-c747-473a-8fca-f15642406bbc,land.charity,available,37.98,,62,35,4,namecheap,,
5194a0d7-67ce-465b-bf46-65d243050b3e,land.chat,premium,,,62,35,4,,,
7790a828-02f3-4222-a241-12e5805e1cd1,land.cheap,premium,260,260,62,35,4,namecheap,,
4d627198-f4ed-4a68-8124-2842d8168f2a,land.christmas,resell,,,62,35,4,"Spaceship, Inc.",24/07/2025 11:30,24/07/2026 23:59
8c575d50-6f2d-41dd-bda5-51d999223251,land.church,resell,,,62,35,4,Dynadot Inc,02/02/2026 17:00,02/02/2027 17:00
b0c45676-de63-46a7-b1da-a6a17348b4d6,land.claims,premium,520,520,62,35,4,namecheap,,
c9030fd5-0884-41b7-a405-a0811fd4f0f4,land.cleaning,premium,260,260,62,35,4,namecheap,,
66cdf699-2603-497d-a35a-f99f2dc3e191,land.click,premium,227.5,325,62,35,4,namecheap,,
fbc10956-d324-429c-8d49-9d7dc061545b,land.clothing,available,35.68,,62,35,4,namecheap,,
f7b9cbe0-69f2-4b43-9c39-04843d15037c,land.cloud,resell,,,62,35,4,"NameSilo, LLC",08/05/2017 05:32,08/05/2027 05:32
e048bee9-7a37-4e17-a908-68b949fffeff,land.co,premium,,,62,35,4,,,
56caa5be-ff89-4645-9308-40d1ab2b88d1,land.codes,premium,,,62,35,4,,,
a78c7ca6-b3a3-47eb-afd1-a3410e1a11a3,land.company,resell,,,62,35,4,"Sav.com, LLC - 12",26/09/2023 15:15,26/09/2026 15:15
467aca5c-1fa1-4452-af5b-634f1110e65e,land.condos,premium,260,260,62,35,4,namecheap,,
121a1c59-2a1c-49f2-abfe-9eefab3fe37d,land.construction,available,50.98,,62,35,4,namecheap,,
a59a01e7-de1f-4e35-86c1-0f28d2666967,land.consulting,premium,520,520,62,35,4,namecheap,,
1f121035-4b97-4ead-939b-1f4c59f1b8a7,land.contractors,premium,128.7,128.7,62,35,4,namecheap,,
fe821862-3a59-4ce9-a3d2-ccede79f1e5e,land.cooking,available,33.98,,62,35,4,namecheap,,
aa6ceeab-8fa1-449d-b3d0-382dd78b4a59,land.cool,premium,520,520,62,35,4,namecheap,,
b6fcbfb7-a701-42e4-a14e-3d88b049f1c3,land.country,available,2450,,62,35,4,namecheap,,
82d2fa2f-ab7c-46f9-99c7-aa67850db2ea,land.coupons,resell,,,62,35,4,"Spaceship, Inc.",24/07/2025 11:30,24/07/2026 11:30
c9420645-2be8-4dc2-a191-39b2ee100961,land.courses,available,44.98,,62,35,4,namecheap,,
a82ca33b-5415-4fa9-bffb-488f1caeddf2,land.credit,premium,,,62,35,4,,,
9891feac-f18d-47c9-ad4a-4f8b22c4d213,land.creditcard,available,168.98,,62,35,4,namecheap,,
26cfa363-83c2-40fb-ac57-1922fdc220ec,land.cricket,premium,130,32.5,62,35,4,namecheap,,
77b7407a-25dd-4255-a430-c9c9db412715,land.cruises,premium,260,260,62,35,4,namecheap,,